DOI,Composition,Alloy_or_not,Pt_or_not,Weight_ratio (wt%),Particle_size (nm),Surface_area (m2/g),N_doped (at%),pH,Current_density (mA/cm2),Overpotential (mV)
12.1039/c5ee02460a,FeCo,1,0,5.5,15,89.2,3.08,0.3,10,364
11.1039/c5ee02460a,FeCo,1,0,6.42,15,80.9,4.54,0.3,10,287
10.3390/ma13071513,Pt,0,1,18.94,5,527,6.26,0.3,10,47
10.3390/ma13071513,Pt,0,1,18.94,5,527,6.26,0.3,20,71
10.3390/ma13071513,Pt,0,1,18.94,5,527,6.26,0.3,40,118
10.3390/ma13071513,Pt,0,1,18.94,5,527,6.26,0.3,50,140
10.3390/ma13071513,Pt,0,1,18.7,4,527,6.98,0.3,10,31
10.3390/ma13071513,Pt,0,1,18.7,4,527,6.98,0.3,20,47
10.3390/ma13071513,Pt,0,1,18.7,4,527,6.98,0.3,40,79
10.3390/ma13071513,Pt,0,1,18.7,4,527,6.98,0.3,50,93
10.3389/fmats.2019.00251,Pt,0,1,3.2,1.6,254,0,0.3,10,38
10.3389/fmats.2019.00251,Pt,0,1,3.2,1.6,254,0,0.3,20,54
10.3389/fmats.2019.00251,Pt,0,1,3.2,1.6,254,0,0.3,40,84
10.3389/fmats.2019.00251,Pt,0,1,7.1,1.5,254,0,0.3,10,24
10.3389/fmats.2019.00251,Pt,0,1,7.1,1.5,254,0,0.3,20,27
10.3389/fmats.2019.00251,Pt,0,1,7.1,1.5,254,0,0.3,40,32
10.1039/d1ta03704h,CoPdO,0,0,47.85,35.1,150.4,1,14,100,182
10.1039/d1ta03704h,CoPdO,0,0,47.85,35.1,150.4,1,14,80,169
10.1039/d1ta03704h,CoPdO,0,0,47.85,35.1,150.4,1,14,60,151
10.1039/d1ta03704h,CoPdO,0,0,47.85,35.1,150.4,1,14,50,145
10.1039/d1ta03704h,CoPdO,0,0,47.85,35.1,150.4,1,14,40,138
10.1039/d1ta03704h,CoPdO,0,0,47.85,35.1,150.4,1,14,20,121
10.1039/d1ta03704h,CoPdO,0,0,47.85,35.1,150.4,1,14,10,100
10.1039/d1ta03704h,CoPdO,0,0,7.21,35.1,239.7,1.4,14,20,368
10.1039/d1ta03704h,CoPdO,0,0,7.21,35.1,239.7,1.4,14,10,312
10.1039/d1ra05577a,RuPd,1,0,17.92,5.9,30.341,0,14,20,57.7
10.1039/d1ra05577a,RuPd,1,0,17.92,5.9,30.341,0,14,10,11.7
10.1039/d1ra05577a,Pd,0,0,16.52,5.9,17.782,0,14,20,400
10.1039/d1ra05577a,Pd,0,0,16.52,5.9,17.782,0,14,10,345
10.1039/d0ta02496a,RuCo,1,0,9.81,10,135.6,0.8,7.4,60,358
10.1039/d0ta02496a,RuCo,1,0,9.81,10,135.6,0.8,7.4,50,306
10.1039/d0ta02496a,RuCo,1,0,9.81,10,135.6,0.8,7.4,40,251
10.1039/d0ta02496a,RuCo,1,0,9.81,10,135.6,0.8,0.3,100,195
10.1039/d0ta02496a,RuCo,1,0,9.81,10,135.6,0.8,0.3,80,170
10.1039/d0ta02496a,RuCo,1,0,9.81,10,135.6,0.8,14,100,159
10.1039/d0ta02496a,RuCo,1,0,9.81,10,135.6,0.8,0.3,60,143
10.1039/d0ta02496a,RuCo,1,0,9.81,10,135.6,0.8,7.4,20,136
10.1039/d0ta02496a,RuCo,1,0,9.81,10,135.6,0.8,14,80,132
10.1039/d0ta02496a,RuCo,1,0,9.81,10,135.6,0.8,0.3,50,127
10.1039/d0ta02496a,RuCo,1,0,9.81,10,135.6,0.8,0.3,40,112
10.1039/d0ta02496a,RuCo,1,0,9.81,10,135.6,0.8,14,60,102
10.1039/d0ta02496a,RuCo,1,0,9.81,10,135.6,0.8,14,50,87
10.1039/d0ta02496a,RuCo,1,0,9.81,10,135.6,0.8,0.3,20,75
10.1039/d0ta02496a,RuCo,1,0,9.81,10,135.6,0.8,14,40,69
10.1039/d0ta02496a,RuCo,1,0,9.81,10,135.6,0.8,7.4,10,67
10.1039/d0ta02496a,RuCo,1,0,9.81,10,135.6,0.8,0.3,10,51
10.1039/d0ta02496a,RuCo,1,0,9.81,10,135.6,0.8,14,20,34
10.1039/d0ta02496a,RuCo,1,0,9.81,10,135.6,0.8,14,10,11
10.1039/d0se01516d,Pt,0,1,1.4,0.36,586.9,12.1,0.3,100,89.1
10.1039/d0se01516d,Pt,0,1,1.4,0.36,586.9,12.1,0.3,10,18.1
10.1039/c9ta07469d,Pt,0,1,1.7,1,490.8,18.8,0.3,10,49.1
10.1039/c9ta07469d,Pt,0,1,1.7,1,490.8,18.8,0.3,20,56
10.1039/c9ta07469d,Pt,0,1,1.7,1,490.8,18.8,0.3,40,64
10.1039/c9ta07469d,Pt,0,1,1.7,1,490.8,18.8,0.3,50,67
10.1039/c9ta07469d,Pt,0,1,1.7,1,490.8,18.8,0.3,100,83
10.1039/c9ta07469d,Pt,0,1,1.58,0.35,490.8,18.8,0.3,10,17
10.1039/c9ta07469d,Pt,0,1,1.58,0.35,490.8,18.8,0.3,20,26
10.1039/c9ta07469d,Pt,0,1,1.58,0.35,490.8,18.8,0.3,40,33
10.1039/c9ta07469d,Pt,0,1,1.58,0.35,490.8,18.8,0.3,50,37
10.1039/c9ta07469d,Pt,0,1,1.58,0.35,490.8,18.8,0.3,100,50
10.1039/c9ta05334d,RhCo,1,0,100,1.3,43.54,0,14,40,79
10.1039/c9ta05334d,RhCo,1,0,100,1.3,43.54,0,7.4,40,74
10.1039/c9ta05334d,RhCo,1,0,100,1.3,43.54,0,14,20,49
10.1039/c9ta05334d,RhCo,1,0,100,1.3,43.54,0,7.4,20,46
10.1039/c9ta05334d,RhCo,1,0,100,1.3,43.54,0,14,10,32
10.1039/c9ta05334d,RhCo,1,0,100,1.3,43.54,0,7.4,10,31
10.1039/c9ta05334d,RhCo,1,0,100,1.3,43.54,0,0.3,40,28
10.1039/c9ta05334d,RhCo,1,0,100,1.3,43.54,0,0.3,20,19
10.1039/c9ta05334d,RhCo,1,0,100,1.3,43.54,0,0.3,10,12.3
10.1039/c9ta04361f,IrNi,1,0,35.39,8.9,100.06,0,14,200,296
10.1039/c9ta04361f,IrNi,1,0,35.39,8.9,100.06,0,14,150,242
10.1039/c9ta04361f,IrNi,1,0,35.39,8.9,100.06,0,0.3,250,185
10.1039/c9ta04361f,IrNi,1,0,35.39,8.9,100.06,0,14,100,180
10.1039/c9ta04361f,IrNi,1,0,35.39,8.9,100.06,0,0.3,200,155
10.1039/c9ta04361f,IrNi,1,0,35.39,8.9,100.06,0,14,80,152
10.1039/c9ta04361f,IrNi,1,0,35.39,8.9,100.06,0,0.3,150,125
10.1039/c9ta04361f,IrNi,1,0,35.39,8.9,100.06,0,14,60,122
10.1039/c9ta04361f,IrNi,1,0,35.39,8.9,100.06,0,14,50,106
10.1039/c9ta04361f,IrNi,1,0,35.39,8.9,100.06,0,0.3,100,94.5
10.1039/c9ta04361f,IrNi,1,0,35.39,8.9,100.06,0,14,40,89
10.1039/c9ta04361f,IrNi,1,0,35.39,8.9,100.06,0,0.3,80,82
10.1039/c9ta04361f,IrNi,1,0,35.39,8.9,100.06,0,0.3,60,70
10.1039/c9ta04361f,IrNi,1,0,35.39,8.9,100.06,0,0.3,50,63
10.1039/c9ta04361f,IrNi,1,0,35.39,8.9,100.06,0,0.3,40,57
10.1039/c9ta04361f,IrNi,1,0,35.39,8.9,100.06,0,14,20,51
10.1039/c9ta04361f,IrNi,1,0,35.39,8.9,100.06,0,0.3,20,43
10.1039/c9ta04361f,IrNi,1,0,35.39,8.9,100.06,0,0.3,10,35
10.1039/c9ta04361f,IrNi,1,0,35.39,8.9,100.06,0,14,10,27
10.1039/c9ta04010b,Pt,0,1,0.21,4,92.85,0,0.3,10,110
10.1039/c9ta04010b,Pt,0,1,0.21,4,92.85,0,0.3,20,120
10.1039/c9ta04010b,Pt,0,1,0.21,4,92.85,0,0.3,40,195
10.1039/c9ta04010b,Pt,0,1,0.21,4,92.85,0,0.3,50,230
10.1039/c9ta04010b,Pt,0,1,19,3,92.85,0,0.3,10,43
10.1039/c9ta04010b,Pt,0,1,19,3,92.85,0,0.3,20,66
10.1039/c9ta04010b,Pt,0,1,19,3,92.85,0,0.3,40,95
10.1039/c9ta04010b,Pt,0,1,19,3,92.85,0,0.3,50,105
10.1039/c9ta04010b,Pt,0,1,19,3,92.85,0,0.3,100,167
10.1039/c9ta04010b,Pt,0,1,19,3,92.85,0,0.3,150,227
10.1039/c9ta04010b,Pt,0,1,19,3,92.85,0,0.3,200,296
10.1039/c9ta04010b,Pt,0,1,0.35,1,92.85,0,0.3,10,34
10.1039/c9ta04010b,Pt,0,1,0.35,1,92.85,0,0.3,20,50
10.1039/c9ta04010b,Pt,0,1,0.35,1,92.85,0,0.3,40,77
10.1039/c9ta04010b,Pt,0,1,0.35,1,92.85,0,0.3,50,90
10.1039/c9ta04010b,Pt,0,1,0.35,1,92.85,0,0.3,100,157
10.1039/c9ta04010b,Pt,0,1,0.35,1,92.85,0,0.3,150,219
10.1039/c9ta04010b,Pt,0,1,0.35,1,92.85,0,0.3,200,288
10.1039/c9ta04010b,Pt,0,1,0.35,1,92.85,0,1,10,30
10.1039/c9ta04010b,Pt,0,1,0.35,1,92.85,0,1,20,65
10.1039/c9ta04010b,Pt,0,1,0.35,1,92.85,0,1,40,91
10.1039/c9ta04010b,Pt,0,1,0.35,1,92.85,0,1,50,103
10.1039/c9ta04010b,Pt,0,1,0.35,1,92.85,0,1,100,169
10.1039/c9ta04010b,Pt,0,1,0.35,1,92.85,0,1,150,233
10.1039/c9ta04010b,Pt,0,1,0.35,1,92.85,0,1,200,307
10.1039/c9ta04010b,Pt,0,1,0.35,1,92.85,0,0.7,10,31
10.1039/c9ta04010b,Pt,0,1,0.35,1,92.85,0,0.7,20,61
10.1039/c9ta04010b,Pt,0,1,0.35,1,92.85,0,0.7,40,87
10.1039/c9ta04010b,Pt,0,1,0.35,1,92.85,0,0.7,50,99
10.1039/c9ta04010b,Pt,0,1,0.35,1,92.85,0,0.7,100,164
10.1039/c9ta04010b,Pt,0,1,0.35,1,92.85,0,0.7,150,226
10.1039/c9ta04010b,Pt,0,1,0.35,1,92.85,0,0.7,200,291
10.1039/c9ta04010b,Pt,0,1,0.35,1,92.85,0,0.5,10,32
10.1039/c9ta04010b,Pt,0,1,0.35,1,92.85,0,0.5,20,58
10.1039/c9ta04010b,Pt,0,1,0.35,1,92.85,0,0.5,40,81
10.1039/c9ta04010b,Pt,0,1,0.35,1,92.85,0,0.5,50,94
10.1039/c9ta04010b,Pt,0,1,0.35,1,92.85,0,0.5,100,152
10.1039/c9ta04010b,Pt,0,1,0.35,1,92.85,0,0.5,150,211
10.1039/c9ta04010b,Pt,0,1,0.35,1,92.85,0,0.5,200,278
10.1039/c9ta04010b,Pt,0,1,0.34,1,89.4,0,0.3,10,23
10.1039/c9ta04010b,Pt,0,1,0.34,1,89.4,0,0.3,20,41
10.1039/c9ta04010b,Pt,0,1,0.34,1,89.4,0,0.3,40,62
10.1039/c9ta04010b,Pt,0,1,0.34,1,89.4,0,0.3,50,70
10.1039/c9ta04010b,Pt,0,1,0.34,1,89.4,0,0.3,100,112
10.1039/c9ta04010b,Pt,0,1,0.34,1,89.4,0,0.3,150,158
10.1039/c9ta04010b,Pt,0,1,0.34,1,89.4,0,0.3,200,201
10.1039/c9nj03675j,Pt,0,1,4.8,4.75,426,4.3,0.3,10,38
10.1039/c9nj03675j,Pt,0,1,4.8,4.75,426,4.3,0.3,20,50
10.1039/c9nj03675j,Pt,0,1,4.8,4.75,426,4.3,0.3,40,76
10.1039/c9nj03675j,Pt,0,1,4.8,4.75,426,4.3,0.3,50,89
10.1039/c9nj03675j,Pt,0,1,4.8,3.05,426,4.3,0.3,10,34
10.1039/c9nj03675j,Pt,0,1,4.8,3.05,426,4.3,0.3,20,44
10.1039/c9nj03675j,Pt,0,1,4.8,3.05,426,4.3,0.3,40,66
10.1039/c9nj03675j,Pt,0,1,4.8,3.05,426,4.3,0.3,50,75.6
10.1039/c9nj03675j,Pt,0,1,4.8,2.85,426,4.3,0.3,10,35
10.1039/c9nj03675j,Pt,0,1,4.8,2.85,426,4.3,0.3,20,47
10.1039/c9nj03675j,Pt,0,1,4.8,2.85,426,4.3,0.3,40,71
10.1039/c9nj03675j,Pt,0,1,4.8,2.85,426,4.3,0.3,50,83
10.1039/c9cy02285f,PtRu,1,1,3.9,1.6,1349,0,0.3,100,134
10.1039/c9cy02285f,PtRu,1,1,3.9,1.6,1349,0,0.3,80,122
10.1039/c9cy02285f,PtRu,1,1,3.9,1.6,1349,0,0.3,60,108
10.1039/c9cy02285f,PtRu,1,1,3.9,1.6,1349,0,0.3,50,100
10.1039/c9cy02285f,PtRu,1,1,3.9,1.6,1349,0,0.3,40,91
10.1039/c9cy02285f,PtRu,1,1,3.9,1.6,1349,0,0.3,20,65
10.1039/c9cy02285f,PtRu,1,1,3.9,1.6,1349,0,0.3,10,43.7
10.1039/c9cy02285f,PtRu,1,1,2.5,1.6,1349,0,0.3,100,146
10.1039/c9cy02285f,PtRu,1,1,2.5,1.6,1349,0,0.3,80,134
10.1039/c9cy02285f,PtRu,1,1,2.5,1.6,1349,0,0.3,60,119
10.1039/c9cy02285f,PtRu,1,1,2.5,1.6,1349,0,0.3,50,111
10.1039/c9cy02285f,PtRu,1,1,2.5,1.6,1349,0,0.3,40,102
10.1039/c9cy02285f,PtRu,1,1,2.5,1.6,1349,0,0.3,20,75.5
10.1039/c9cy02285f,PtRu,1,1,2.5,1.6,1349,0,0.3,10,55.3
10.1039/c9cy02285f,Pt,0,1,10,3.5,254,0,0.3,10,30
10.1039/c9cy02285f,Pt,0,1,5.2,1.6,1349,0,0.3,10,33
10.1039/c9cy02285f,Pt,0,1,5.2,1.6,1349,0,0.3,20,43
10.1039/c9cy02285f,Pt,0,1,5.2,1.6,1349,0,0.3,40,56
10.1039/c9cy02285f,Pt,0,1,5.2,1.6,1349,0,0.3,50,61
10.1039/c9cy02285f,Pt,0,1,5.2,1.6,1349,0,0.3,100,78
10.1039/c8sc04986f,Pt,0,1,3.8,2,500,18,0.3,10,39
10.1039/c8sc04986f,Pt,0,1,3.8,2,500,18,0.3,20,48
10.1039/c8sc04986f,Pt,0,1,3.8,2,500,18,0.3,40,64
10.1039/c8sc04986f,Pt,0,1,3.8,2,500,18,0.3,50,71
10.1039/c8sc04986f,Pt,0,1,3.8,2,500,18,0.3,100,104
10.1039/c8sc04986f,Pt,0,1,2.54,0.35,500,18,0.3,10,26
10.1039/c8sc04986f,Pt,0,1,2.54,0.35,500,18,0.3,20,34
10.1039/c8sc04986f,Pt,0,1,2.54,0.35,500,18,0.3,40,40
10.1039/c8sc04986f,Pt,0,1,2.54,0.35,500,18,0.3,50,43
10.1039/c8sc04986f,Pt,0,1,2.54,0.35,500,18,0.3,100,53
10.1039/c8ee02888e,Pt,0,1,0.44,0.35,900,2.75,0.3,10,12
10.1039/c8ee02888e,Pt,0,1,0.44,0.35,900,2.75,0.3,20,20
10.1039/c8ee02888e,Pt,0,1,0.44,0.35,900,2.75,0.3,40,30
10.1039/c8ee02888e,Pt,0,1,0.44,0.35,900,2.75,0.3,50,37
10.1039/c8ee02888e,Pt,0,1,0.44,0.35,900,2.75,14,10,7
10.1039/c8ee02888e,Pt,0,1,0.44,0.35,900,2.75,14,20,16
10.1039/c8ee02888e,Pt,0,1,0.44,0.35,900,2.75,14,40,31
10.1039/c8ee02888e,Pt,0,1,0.44,0.35,900,2.75,14,50,38
10.1039/c8ee00402a,PtRu,1,1,5.24,5.12,105.2,0,0.3,100,145.3
10.1039/c8ee00402a,PtRu,1,1,5.24,5.12,105.2,0,0.3,80,132.1
10.1039/c8ee00402a,PtRu,1,1,5.24,5.12,105.2,0,0.3,60,115.6
10.1039/c8ee00402a,PtRu,1,1,5.24,5.12,105.2,0,0.3,50,105.7
10.1039/c8ee00402a,PtRu,1,1,5.24,5.12,105.2,0,0.3,40,93.6
10.1039/c8ee00402a,PtRu,1,1,5.24,5.12,105.2,0,0.3,20,65
10.1039/c8ee00402a,PtRu,1,1,5.24,5.12,105.2,0,0.3,10,46.6
10.1039/c8ee00402a,PtRu,1,1,4.42,2.57,630.3,0,0.3,100,43.1
10.1039/c8ee00402a,PtRu,1,1,4.42,2.57,630.3,0,0.3,80,39.6
10.1039/c8ee00402a,PtRu,1,1,4.42,2.57,630.3,0,0.3,60,35.2
10.1039/c8ee00402a,PtRu,1,1,4.42,2.57,630.3,0,0.3,50,31.9
10.1039/c8ee00402a,PtRu,1,1,4.42,2.57,630.3,0,0.3,40,29.7
10.1039/c8ee00402a,PtRu,1,1,4.42,2.57,630.3,0,0.3,20,24.2
10.1039/c8ee00402a,PtRu,1,1,4.42,2.57,630.3,0,0.3,10,19.7
10.1039/c8ee00402a,Pt,0,1,19.82,2.84,259.8,0,0.3,100,61.8
10.1039/c8ee00402a,Pt,0,1,19.82,2.84,259.8,0,0.3,80,53.9
10.1039/c8ee00402a,Pt,0,1,19.82,2.84,259.8,0,0.3,60,46.2
10.1039/c8ee00402a,Pt,0,1,19.82,2.84,259.8,0,0.3,50,40.7
10.1039/c8ee00402a,Pt,0,1,19.82,2.84,259.8,0,0.3,40,37.4
10.1039/c8ee00402a,Pt,0,1,19.82,2.84,259.8,0,0.3,20,25.3
10.1039/c8ee00402a,Pt,0,1,19.82,2.84,259.8,0,0.3,10,19.5
10.1039/c8ee00402a,Ru,0,0,4.31,2.65,603.8,0,0.3,100,166.4
10.1039/c8ee00402a,Ru,0,0,4.31,2.65,603.8,0,0.3,80,150.8
10.1039/c8ee00402a,Ru,0,0,4.31,2.65,603.8,0,0.3,60,134.3
10.1039/c8ee00402a,Ru,0,0,4.31,2.65,603.8,0,0.3,50,123.3
10.1039/c8ee00402a,Ru,0,0,4.31,2.65,603.8,0,0.3,40,112.2
10.1039/c8ee00402a,Ru,0,0,4.31,2.65,603.8,0,0.3,20,82.6
10.1039/c8ee00402a,Ru,0,0,4.31,2.65,603.8,0,0.3,10,58.1
10.1039/c7ta03629a,CoNiO,0,0,36.69,15,128.7,2.69,14,100,274
10.1039/c7ta03629a,CoNiO,0,0,36.69,15,128.7,2.69,14,80,258
10.1039/c7ta03629a,CoNiO,0,0,36.69,15,128.7,2.69,14,60,239
10.1039/c7ta03629a,CoNiO,0,0,36.69,15,128.7,2.69,14,50,226
10.1039/c7ta03629a,CoNiO,0,0,36.69,15,128.7,2.69,14,40,212
10.1039/c7ta03629a,CoNiO,0,0,36.69,15,128.7,2.69,14,20,164
10.1039/c7ta03629a,CoNiO,0,0,36.69,15,128.7,2.69,14,10,94
10.1039/c7ta03629a,NiO,0,0,14.55,39.1,208.9,1.34,14,100,367
10.1039/c7ta03629a,NiO,0,0,14.55,39.1,208.9,1.34,14,80,331
10.1039/c7ta03629a,NiO,0,0,14.55,39.1,208.9,1.34,14,60,289
10.1039/c7ta03629a,NiO,0,0,14.55,39.1,208.9,1.34,14,50,268
10.1039/c7ta03629a,NiO,0,0,14.55,39.1,208.9,1.34,14,40,245
10.1039/c7ta03629a,NiO,0,0,14.55,39.1,208.9,1.34,14,20,180
10.1039/c7ta03629a,NiO,0,0,14.55,39.1,208.9,1.34,14,10,108
10.1039/c7ta03629a,CoO,0,0,15.98,32.8,108.4,1.64,14,100,419
10.1039/c7ta03629a,CoO,0,0,15.98,32.8,108.4,1.64,14,80,402
10.1039/c7ta03629a,CoO,0,0,15.98,32.8,108.4,1.64,14,60,379
10.1039/c7ta03629a,CoO,0,0,15.98,32.8,108.4,1.64,14,50,370
10.1039/c7ta03629a,CoO,0,0,15.98,32.8,108.4,1.64,14,40,355
10.1039/c7ta03629a,CoO,0,0,15.98,32.8,108.4,1.64,14,20,303
10.1039/c7ta03629a,CoO,0,0,15.98,32.8,108.4,1.64,14,10,225
10.1039/c6ta06975d,CoNiP,0,0,100,5.35,17.3,0,0.3,50,225
10.1039/c6ta06975d,CoNiP,0,0,100,5.35,17.3,0,0.3,40,218.6
10.1039/c6ta06975d,CoNiP,0,0,100,5.35,17.3,0,0.3,20,197
10.1039/c6ta06975d,CoNiP,0,0,100,5.35,17.3,0,0.3,10,165
10.1039/c6ta06975d,CoNiP,0,0,78.06,5.35,31.1,0,0.3,50,171
10.1039/c6ta06975d,CoNiP,0,0,78.06,5.35,31.1,0,0.3,40,163
10.1039/c6ta06975d,CoNiP,0,0,78.06,5.35,31.1,0,0.3,20,135
10.1039/c6ta06975d,CoNiP,0,0,78.06,5.35,31.1,0,0.3,10,111.8
10.1039/c6ta06975d,CoNiP,0,0,64,5.35,49.2,0,0.3,50,156.4
10.1039/c6ta06975d,CoNiP,0,0,64,5.35,49.2,0,0.3,40,148
10.1039/c6ta06975d,CoNiP,0,0,64,5.35,49.2,0,0.3,20,125.6
10.1039/c6ta06975d,CoNiP,0,0,64,5.35,49.2,0,0.3,10,101
10.1039/c6ta06975d,CoNiP,0,0,41.57,5.35,68.8,0,0.3,50,148
10.1039/c6ta06975d,CoNiP,0,0,41.57,5.35,68.8,0,0.3,40,141
10.1039/c6ta06975d,CoNiP,0,0,41.57,5.35,68.8,0,0.3,20,118.8
10.1039/c6ta06975d,CoNiP,0,0,41.57,5.35,68.8,0,0.3,10,104
10.1039/c6ta06975d,CoNiP,0,0,43.52,4.52,64.3,0,0.3,50,164
10.1039/c6ta06975d,CoNiP,0,0,43.52,4.52,64.3,0,0.3,40,156.8
10.1039/c6ta06975d,CoNiP,0,0,43.52,4.52,64.3,0,0.3,20,135.4
10.1039/c6ta06975d,CoNiP,0,0,43.52,4.52,64.3,0,0.3,10,117.6
10.1039/c6ta06975d,CoNiP,0,0,38.68,3.65,43.1,0,0.3,50,221
10.1039/c6ta06975d,CoNiP,0,0,38.68,3.65,43.1,0,0.3,40,208.8
10.1039/c6ta06975d,CoNiP,0,0,38.68,3.65,43.1,0,0.3,20,169.8
10.1039/c6ta06975d,CoNiP,0,0,38.68,3.65,43.1,0,0.3,10,145
10.1039/c5ee02460a,FeCo,1,0,8.84,15,66.2,8.22,0.3,10,262
10.1039/c4fd00123k,Fe,0,0,8,15,453,4.2,0.3,10,396
10.1038/s41467-019-12851-w,Pt,0,1,4,1.56,1135,12,0.3,10,11
10.1038/s41467-019-12851-w,Pt,0,1,4,1.56,1135,12,0.3,20,13.4
10.1038/s41467-019-12851-w,Pt,0,1,4,1.56,1135,12,0.3,40,17
10.1038/s41467-019-12851-w,Pt,0,1,4,1.56,1135,12,0.3,50,17.4
10.1038/s41467-019-12851-w,Pt,0,1,4,0.35,1135,12,0.3,10,53
10.1038/s41467-019-12851-w,Pt,0,1,4,0.35,1135,12,0.3,20,77.5
10.1038/ncomms14969,RuCo,1,0,62.92,28.38,41.37,3.51,14,100,218
10.1038/ncomms14969,RuCo,1,0,62.92,28.38,41.37,3.51,14,10,28
10.1021/jacs.0c06960,NiCu,1,0,20.35,14.51,157,0,0.3,80,337
10.1021/jacs.0c06960,NiCu,1,0,20.35,14.51,157,0,0.3,60,317
10.1021/jacs.0c06960,NiCu,1,0,20.35,14.51,157,0,0.3,50,304
10.1021/jacs.0c06960,NiCu,1,0,20.35,14.51,157,0,0.3,40,287
10.1021/jacs.0c06960,NiCu,1,0,20.35,14.51,157,0,0.3,20,233
10.1021/jacs.0c06960,NiCu,1,0,20.35,14.51,157,0,0.3,10,186
10.1021/jacs.0c06960,NiCu,1,0,23.73,11.58,157,0,0.3,80,535
10.1021/jacs.0c06960,NiCu,1,0,23.73,11.58,157,0,0.3,60,511
10.1021/jacs.0c06960,NiCu,1,0,23.73,11.58,157,0,0.3,50,501
10.1021/jacs.0c06960,NiCu,1,0,23.73,11.58,157,0,0.3,40,486
10.1021/jacs.0c06960,NiCu,1,0,23.73,11.58,157,0,0.3,20,443
10.1021/jacs.0c06960,NiCu,1,0,23.73,11.58,157,0,0.3,10,400
10.1021/jacs.0c06960,NiCu,1,0,22,9.76,157,0,0.3,80,477
10.1021/jacs.0c06960,NiCu,1,0,22,9.76,157,0,0.3,60,457
10.1021/jacs.0c06960,NiCu,1,0,22,9.76,157,0,0.3,50,440
10.1021/jacs.0c06960,NiCu,1,0,22,9.76,157,0,0.3,40,424
10.1021/jacs.0c06960,NiCu,1,0,22,9.76,157,0,0.3,20,376
10.1021/jacs.0c06960,NiCu,1,0,22,9.76,157,0,0.3,10,334
10.1021/jacs.0c06960,Cu,0,0,19.26,21.04,157,0,0.3,80,583
10.1021/jacs.0c06960,Cu,0,0,19.26,21.04,157,0,0.3,60,564
10.1021/jacs.0c06960,Cu,0,0,19.26,21.04,157,0,0.3,50,555
10.1021/jacs.0c06960,Cu,0,0,19.26,21.04,157,0,0.3,40,543
10.1021/jacs.0c06960,Cu,0,0,19.26,21.04,157,0,0.3,20,508
10.1021/jacs.0c06960,Cu,0,0,19.26,21.04,157,0,0.3,10,471
10.1021/jacs.0c06960,Ni,0,0,30.24,13.86,157,0,0.3,80,553
10.1021/jacs.0c06960,Ni,0,0,30.24,13.86,157,0,0.3,60,536
10.1021/jacs.0c06960,Ni,0,0,30.24,13.86,157,0,0.3,50,522
10.1021/jacs.0c06960,Ni,0,0,30.24,13.86,157,0,0.3,40,512
10.1021/jacs.0c06960,Ni,0,0,30.24,13.86,157,0,0.3,20,472
10.1021/jacs.0c06960,Ni,0,0,30.24,13.86,157,0,0.3,10,437
10.1021/acssuschemeng.9b02426,CoFe,1,0,29.4,21,271,3.25,14,60,378
10.1021/acssuschemeng.9b02426,CoFe,1,0,29.4,21,271,3.25,14,50,358
10.1021/acssuschemeng.9b02426,CoFe,1,0,29.4,21,271,3.25,14,40,333
10.1021/acssuschemeng.9b02426,CoFe,1,0,29.4,21,271,3.25,14,20,276
10.1021/acssuschemeng.9b02426,CoFe,1,0,29.4,21,271,3.25,14,10,230
10.1021/acssuschemeng.9b02126,RuCo,1,0,20.3,10,712,0,7.4,60,370
10.1021/acssuschemeng.9b02126,RuCo,1,0,20.3,10,712,0,7.4,50,312
10.1021/acssuschemeng.9b02126,RuCo,1,0,20.3,10,712,0,7.4,40,259
10.1021/acssuschemeng.9b02126,RuCo,1,0,20.3,10,712,0,14,50,123
10.1021/acssuschemeng.9b02126,RuCo,1,0,20.3,10,712,0,0.3,50,123
10.1021/acssuschemeng.9b02126,RuCo,1,0,20.3,10,712,0,7.4,20,123
10.1021/acssuschemeng.9b02126,RuCo,1,0,20.3,10,712,0,14,40,100
10.1021/acssuschemeng.9b02126,RuCo,1,0,20.3,10,712,0,0.3,40,100
10.1021/acssuschemeng.9b02126,RuCo,1,0,20.3,10,712,0,14,20,50
10.1021/acssuschemeng.9b02126,RuCo,1,0,20.3,10,712,0,0.3,20,50
10.1021/acssuschemeng.9b02126,RuCo,1,0,20.3,10,712,0,7.4,10,49
10.1021/acssuschemeng.9b02126,RuCo,1,0,20.3,10,712,0,14,10,21
10.1021/acssuschemeng.9b02126,RuCo,1,0,20.3,10,712,0,0.3,10,21
10.1021/acssuschemeng.9b02126,Co,0,0,18.5,10,1262,0,7.4,10,709
10.1021/acssuschemeng.9b02126,Co,0,0,18.5,10,1262,0,0.3,20,552
10.1021/acssuschemeng.9b02126,Co,0,0,18.5,10,1262,0,0.3,10,414
10.1021/acssuschemeng.9b02126,Co,0,0,18.5,10,1262,0,14,40,271
10.1021/acssuschemeng.9b02126,Co,0,0,18.5,10,1262,0,14,20,186
10.1021/acssuschemeng.9b02126,Co,0,0,18.5,10,1262,0,14,10,127
10.1021/acssuschemeng.9b02126,Ru,0,0,1.86,10,970,0,7.4,60,429
10.1021/acssuschemeng.9b02126,Ru,0,0,1.86,10,970,0,7.4,50,362
10.1021/acssuschemeng.9b02126,Ru,0,0,1.86,10,970,0,7.4,40,294
10.1021/acssuschemeng.9b02126,Ru,0,0,1.86,10,970,0,0.3,60,188
10.1021/acssuschemeng.9b02126,Ru,0,0,1.86,10,970,0,0.3,50,170
10.1021/acssuschemeng.9b02126,Ru,0,0,1.86,10,970,0,0.3,40,153
10.1021/acssuschemeng.9b02126,Ru,0,0,1.86,10,970,0,7.4,20,152
10.1021/acssuschemeng.9b02126,Ru,0,0,1.86,10,970,0,14,50,125
10.1021/acssuschemeng.9b02126,Ru,0,0,1.86,10,970,0,0.3,20,109
10.1021/acssuschemeng.9b02126,Ru,0,0,1.86,10,970,0,14,40,105
10.1021/acssuschemeng.9b02126,Ru,0,0,1.86,10,970,0,0.3,10,78
10.1021/acssuschemeng.9b02126,Ru,0,0,1.86,10,970,0,7.4,10,69
10.1021/acssuschemeng.9b02126,Ru,0,0,1.86,10,970,0,14,20,59
10.1021/acssuschemeng.9b02126,Ru,0,0,1.86,10,970,0,14,10,31
10.1021/acssuschemeng.9b02126,0,0,0,0,0,1092,0,0.3,10,517
10.1021/acssuschemeng.9b02126,0,0,0,0,0,1092,0,14,10,370
10.1021/acssuschemeng.8b06745,CoRu,1,0,22.4,30,257.2,2.3,0.3,100,354
10.1021/acssuschemeng.8b06745,CoRu,1,0,22.4,30,257.2,2.3,14,100,336
10.1021/acssuschemeng.8b06745,CoRu,1,0,22.4,30,257.2,2.3,0.3,80,316
10.1021/acssuschemeng.8b06745,CoRu,1,0,22.4,30,257.2,2.3,14,80,289
10.1021/acssuschemeng.8b06745,CoRu,1,0,22.4,30,257.2,2.3,0.3,60,271
10.1021/acssuschemeng.8b06745,CoRu,1,0,22.4,30,257.2,2.3,0.3,50,244
10.1021/acssuschemeng.8b06745,CoRu,1,0,22.4,30,257.2,2.3,14,60,239
10.1021/acssuschemeng.8b06745,CoRu,1,0,22.4,30,257.2,2.3,0.3,40,217
10.1021/acssuschemeng.8b06745,CoRu,1,0,22.4,30,257.2,2.3,14,50,211
10.1021/acssuschemeng.8b06745,CoRu,1,0,22.4,30,257.2,2.3,14,40,185
10.1021/acssuschemeng.8b06745,CoRu,1,0,22.4,30,257.2,2.3,0.3,20,152
10.1021/acssuschemeng.8b06745,CoRu,1,0,22.4,30,257.2,2.3,14,20,118
10.1021/acssuschemeng.8b06745,CoRu,1,0,22.4,30,257.2,2.3,0.3,10,116
10.1021/acssuschemeng.8b06745,CoRu,1,0,22.4,30,257.2,2.3,14,10,70
10.1021/acssuschemeng.8b06745,CoRu,1,0,15.4,30,257.2,1.8,0.3,100,300
10.1021/acssuschemeng.8b06745,CoRu,1,0,15.4,30,257.2,1.8,0.3,80,265
10.1021/acssuschemeng.8b06745,CoRu,1,0,15.4,30,257.2,1.8,14,100,247
10.1021/acssuschemeng.8b06745,CoRu,1,0,15.4,30,257.2,1.8,0.3,60,229
10.1021/acssuschemeng.8b06745,CoRu,1,0,15.4,30,257.2,1.8,14,80,210
10.1021/acssuschemeng.8b06745,CoRu,1,0,15.4,30,257.2,1.8,0.3,50,208
10.1021/acssuschemeng.8b06745,CoRu,1,0,15.4,30,257.2,1.8,0.3,40,186
10.1021/acssuschemeng.8b06745,CoRu,1,0,15.4,30,257.2,1.8,14,60,169
10.1021/acssuschemeng.8b06745,CoRu,1,0,15.4,30,257.2,1.8,14,50,148
10.1021/acssuschemeng.8b06745,CoRu,1,0,15.4,30,257.2,1.8,0.3,20,132
10.1021/acssuschemeng.8b06745,CoRu,1,0,15.4,30,257.2,1.8,14,40,122
10.1021/acssuschemeng.8b06745,CoRu,1,0,15.4,30,257.2,1.8,0.3,10,94
10.1021/acssuschemeng.8b06745,CoRu,1,0,15.4,30,257.2,1.8,14,20,68
10.1021/acssuschemeng.8b06745,CoRu,1,0,15.4,30,257.2,1.8,14,10,27
10.1021/acssuschemeng.8b06745,Co,0,0,18.3,30,257.2,1.65,0.3,40,649
10.1021/acssuschemeng.8b06745,Co,0,0,18.3,30,257.2,1.65,0.3,20,561
10.1021/acssuschemeng.8b06745,Co,0,0,18.3,30,257.2,1.65,0.3,10,484
10.1021/acssuschemeng.8b06745,Co,0,0,18.3,30,257.2,1.65,14,20,318
10.1021/acssuschemeng.8b06745,Co,0,0,18.3,30,257.2,1.65,14,10,273
10.1021/acsnano.8b01022,PtNiFe,1,1,7.91,7.3,658,1.77,14,80,391
10.1021/acsnano.8b01022,PtNiFe,1,1,7.91,7.3,658,1.77,14,60,317
10.1021/acsnano.8b01022,PtNiFe,1,1,7.91,7.3,658,1.77,14,50,276
10.1021/acsnano.8b01022,PtNiFe,1,1,7.91,7.3,658,1.77,14,40,233
10.1021/acsnano.8b01022,PtNiFe,1,1,7.91,7.3,658,1.77,14,20,136
10.1021/acsnano.8b01022,PtNiFe,1,1,7.91,7.3,658,1.77,14,10,83
10.1021/acsnano.8b01022,PtNiCu,1,1,7.64,7.3,681,1.8,14,150,360
10.1021/acsnano.8b01022,PtNiCu,1,1,7.64,7.3,681,1.8,14,100,260
10.1021/acsnano.8b01022,PtNiCu,1,1,7.64,7.3,681,1.8,14,80,216
10.1021/acsnano.8b01022,PtNiCu,1,1,7.64,7.3,681,1.8,14,60,172
10.1021/acsnano.8b01022,PtNiCu,1,1,7.64,7.3,681,1.8,14,50,150
10.1021/acsnano.8b01022,PtNiCu,1,1,7.64,7.3,681,1.8,14,40,125
10.1021/acsnano.8b01022,PtNiCu,1,1,7.64,7.3,681,1.8,14,20,68
10.1021/acsnano.8b01022,PtNiCu,1,1,7.64,7.3,681,1.8,14,10,38
10.1021/acsnano.8b01022,PtNiCuTb,1,1,6.36,7.3,702,1.89,14,100,394
10.1021/acsnano.8b01022,PtNiCuTb,1,1,6.36,7.3,702,1.89,14,80,346
10.1021/acsnano.8b01022,PtNiCuTb,1,1,6.36,7.3,702,1.89,14,60,294
10.1021/acsnano.8b01022,PtNiCuTb,1,1,6.36,7.3,702,1.89,14,50,264
10.1021/acsnano.8b01022,PtNiCuTb,1,1,6.36,7.3,702,1.89,14,40,230
10.1021/acsnano.8b01022,PtNiCuTb,1,1,6.36,7.3,702,1.89,14,20,146
10.1021/acsnano.8b01022,PtNiCuTb,1,1,6.36,7.3,702,1.89,14,10,82
10.1021/acsnano.8b01022,PtNi,1,1,14.2,7.2,588,1.48,14,60,391
10.1021/acsnano.8b01022,PtNi,1,1,14.2,7.2,588,1.48,14,50,348
10.1021/acsnano.8b01022,PtNi,1,1,14.2,7.2,588,1.48,14,40,304
10.1021/acsnano.8b01022,PtNi,1,1,14.2,7.2,588,1.48,14,20,190
10.1021/acsnano.8b01022,PtNi,1,1,14.2,7.2,588,1.48,14,10,118
10.1021/acsnano.8b01022,PtNiCo,1,1,10.74,7.2,717,1.9,14,100,367
10.1021/acsnano.8b01022,PtNiCo,1,1,10.74,7.2,717,1.9,14,80,306
10.1021/acsnano.8b01022,PtNiCo,1,1,10.74,7.2,717,1.9,14,60,246
10.1021/acsnano.8b01022,PtNiCo,1,1,10.74,7.2,717,1.9,14,50,215
10.1021/acsnano.8b01022,PtNiCo,1,1,10.74,7.2,717,1.9,14,40,184
10.1021/acsnano.8b01022,PtNiCo,1,1,10.74,7.2,717,1.9,14,20,112
10.1021/acsnano.8b01022,PtNiCo,1,1,10.74,7.2,717,1.9,14,10,69
10.1021/acsnano.8b01022,PtNiMn,1,1,9.87,7.2,730,1.96,14,60,397
10.1021/acsnano.8b01022,PtNiMn,1,1,9.87,7.2,730,1.96,14,50,344
10.1021/acsnano.8b01022,PtNiMn,1,1,9.87,7.2,730,1.96,14,40,288
10.1021/acsnano.8b01022,PtNiMn,1,1,9.87,7.2,730,1.96,14,20,161
10.1021/acsnano.8b01022,PtNiMn,1,1,9.87,7.2,730,1.96,14,10,90
10.1021/acsnano.8b01022,PtNiCuFe,1,1,6.16,7.2,680,1.82,14,150,386
10.1021/acsnano.8b01022,PtNiCuFe,1,1,6.16,7.2,680,1.82,14,100,280
10.1021/acsnano.8b01022,PtNiCuFe,1,1,6.16,7.2,680,1.82,14,80,232
10.1021/acsnano.8b01022,PtNiCuFe,1,1,6.16,7.2,680,1.82,14,60,182
10.1021/acsnano.8b01022,PtNiCuFe,1,1,6.16,7.2,680,1.82,14,50,157
10.1021/acsnano.8b01022,PtNiCuFe,1,1,6.16,7.2,680,1.82,14,40,131
10.1021/acsnano.8b01022,PtNiCuFe,1,1,6.16,7.2,680,1.82,14,20,73
10.1021/acsnano.8b01022,PtNiCuFe,1,1,6.16,7.2,680,1.82,14,10,40
10.1021/acsnano.8b01022,PtNiTb,1,1,11.44,7.1,476,1.74,14,80,431
10.1021/acsnano.8b01022,PtNiTb,1,1,11.44,7.1,476,1.74,14,60,367
10.1021/acsnano.8b01022,PtNiTb,1,1,11.44,7.1,476,1.74,14,50,333
10.1021/acsnano.8b01022,PtNiTb,1,1,11.44,7.1,476,1.74,14,40,293
10.1021/acsnano.8b01022,PtNiTb,1,1,11.44,7.1,476,1.74,14,20,194
10.1021/acsnano.8b01022,PtNiTb,1,1,11.44,7.1,476,1.74,14,10,126
10.1021/acsnano.8b01022,Pt,0,1,6.22,5.5,842,1.82,14,150,323
10.1021/acsnano.8b01022,Pt,0,1,6.22,5.5,842,1.82,14,100,235
10.1021/acsnano.8b01022,Pt,0,1,6.22,5.5,842,1.82,14,80,194
10.1021/acsnano.8b01022,Pt,0,1,6.22,5.5,842,1.82,14,60,155
10.1021/acsnano.8b01022,Pt,0,1,6.22,5.5,842,1.82,14,50,133
10.1021/acsnano.8b01022,Pt,0,1,6.22,5.5,842,1.82,14,40,111
10.1021/acsnano.8b01022,Pt,0,1,6.22,5.5,842,1.82,14,20,60
10.1021/acsnano.8b01022,Pt,0,1,6.22,5.5,842,1.82,14,10,30
10.1021/acsnano.8b01022,Ni,0,0,4.15,7.5,750,6.9,14,60,450
10.1021/acsnano.8b01022,Ni,0,0,4.15,7.5,750,6.9,14,50,428
10.1021/acsnano.8b01022,Ni,0,0,4.15,7.5,750,6.9,14,40,404
10.1021/acsnano.8b01022,Ni,0,0,4.15,7.5,750,6.9,14,20,345
10.1021/acsnano.8b01022,Ni,0,0,4.15,7.5,750,6.9,14,10,298
10.1021/acscatal.9b02305,Pt,0,1,20,3.32,200.1,0,0.3,10,42.03
10.1021/acscatal.9b02305,Pt,0,1,20,3.32,200.1,0,0.3,20,51
10.1021/acscatal.9b02305,Pt,0,1,20,3.32,200.1,0,0.3,40,63
10.1021/acscatal.9b02305,Pt,0,1,20,3.32,200.1,0,0.3,50,67
10.1021/acscatal.9b02305,Pt,0,1,20,3.32,200.1,0,0.3,100,87.4
10.1021/acscatal.9b02305,Pt,0,1,2,0.61,282,12.08,0.3,10,35.28
10.1021/acscatal.9b02305,Pt,0,1,2,0.61,282,12.08,0.3,20,43
10.1021/acscatal.9b02305,Pt,0,1,2,0.61,282,12.08,0.3,40,50
10.1021/acscatal.9b02305,Pt,0,1,2,0.61,282,12.08,0.3,50,54
10.1021/acscatal.9b02305,Pt,0,1,2,0.61,282,12.08,0.3,100,69
10.1021/acscatal.9b02305,Pt,0,1,1,0.54,282,12.08,0.3,10,47.2
10.1021/acscatal.9b02305,Pt,0,1,1,0.54,282,12.08,0.3,20,56
10.1021/acscatal.9b02305,Pt,0,1,1,0.54,282,12.08,0.3,40,68
10.1021/acscatal.9b02305,Pt,0,1,1,0.54,282,12.08,0.3,50,73
10.1021/acscatal.9b02305,Pt,0,1,1,0.54,282,12.08,0.3,100,100
10.1021/acscatal.9b02305,PtMoO,0,1,0.5,0.35,282,12.08,0.3,10,66.1
10.1021/acscatal.9b02305,PtMoO,0,1,0.5,0.35,282,12.08,0.3,20,98
10.1021/acscatal.9b02305,PtMoO,0,1,0.5,0.35,282,12.08,0.3,40,146
10.1021/acscatal.9b02305,PtMoO,0,1,0.5,0.35,282,12.08,0.3,50,164
10.1021/acscatal.9b02305,Pt,0,1,0.25,0.35,282,12.08,0.3,10,95.75
10.1021/acscatal.9b02305,Pt,0,1,0.25,0.35,282,12.08,0.3,20,141
10.1021/acscatal.7b02246,Pt,0,1,5.4,0.35,122,0,0,10,26
10.1021/acscatal.7b02246,Pt,0,1,5.4,0.35,122,0,0,20,38
10.1021/acscatal.7b02246,Pt,0,1,5.4,0.35,122,0,0,40,61
10.1021/acscatal.7b02246,Pt,0,1,5.4,0.35,122,0,0,50,71
10.1021/acscatal.7b02246,Pt,0,1,5.4,0.35,122,0,0,100,112
10.1021/acsami.9b20781,Pt,0,1,20.3,4.24,36.1,0,0.3,10,18.2
10.1021/acsami.9b20781,Pt,0,1,20.3,4.24,36.1,0,0.3,20,22
10.1021/acsami.9b20781,Pt,0,1,20.3,4.24,36.1,0,14,10,63
10.1021/acsami.9b20781,Pt,0,1,20.3,4.24,36.1,0,14,20,97
10.1021/acsami.9b20781,Pt,0,1,17.2,3.05,55.8,0,0.3,10,14.3
10.1021/acsami.9b20781,Pt,0,1,17.2,3.05,55.8,0,0.3,20,21
10.1021/acsami.9b20781,Pt,0,1,17.2,3.05,55.8,0,14,10,37.2
10.1021/acsami.9b20781,Pt,0,1,17.2,3.05,55.8,0,14,20,72
10.1021/acsami.9b20781,Pt,0,1,15.7,2.93,46.7,0,0.3,10,16.5
10.1021/acsami.9b20781,Pt,0,1,15.7,2.93,46.7,0,0.3,20,17
10.1021/acsami.9b20781,Pt,0,1,15.7,2.93,46.7,0,14,10,48.4
10.1021/acsami.9b20781,Pt,0,1,15.7,2.93,46.7,0,14,20,56
10.1021/acsami.8b20209,Pt,0,1,11.24,10,96.5,3.4,0.3,10,32
10.1021/acsami.8b20209,Pt,0,1,11.24,10,96.5,3.4,0.3,20,36.7
10.1021/acsami.8b20209,Pt,0,1,11.24,10,96.5,3.4,0.3,40,42.5
10.1021/acsami.8b20209,Pt,0,1,11.24,10,96.5,3.4,0.3,50,43.3
10.1021/acsami.8b20209,Pt,0,1,11.24,10,96.5,3.4,0.3,100,54.3
10.1021/acsami.8b20209,Pt,0,1,11.24,10,96.5,3.4,0.3,150,66
10.1021/acsami.8b20209,Pt,0,1,11.24,10,96.5,3.4,14,10,64
10.1021/acsami.8b20209,Pt,0,1,11.24,10,96.5,3.4,14,20,96
10.1021/acsami.8b20209,Pt,0,1,11.24,10,96.5,3.4,14,40,144
10.1021/acsami.8b20209,Pt,0,1,11.24,10,96.5,3.4,14,50,166
10.1021/acsami.8b20209,Pt,0,1,11.24,10,96.5,3.4,7.4,10,34.6
10.1021/acsami.8b20209,Pt,0,1,11.24,10,96.5,3.4,7.4,20,80
10.1021/acsami.8b20209,Pt,0,1,11.24,10,96.5,3.4,7.4,40,158
10.1021/acsami.8b20209,Pt,0,1,11.24,10,96.5,3.4,7.4,50,190
10.1021/acsami.8b20209,Pt,0,1,9.5,5,109.75,4.5,0.3,10,32
10.1021/acsami.8b20209,Pt,0,1,9.5,5,109.75,4.5,0.3,20,37.5
10.1021/acsami.8b20209,Pt,0,1,9.5,5,109.75,4.5,0.3,40,49
10.1021/acsami.8b20209,Pt,0,1,9.5,5,109.75,4.5,0.3,50,57.2
10.1021/acsami.8b20209,Pt,0,1,9.5,5,109.75,4.5,0.3,100,99.8
10.1021/acsami.8b20209,Pt,0,1,9.5,5,109.75,4.5,0.3,150,141
10.1021/acsami.8b20209,Pt,0,1,9.5,5,109.75,4.5,14,10,62
10.1021/acsami.8b20209,Pt,0,1,9.5,5,109.75,4.5,14,20,97
10.1021/acsami.8b20209,Pt,0,1,9.5,5,109.75,4.5,14,40,145
10.1021/acsami.8b20209,Pt,0,1,9.5,5,109.75,4.5,14,50,165
10.1021/acsami.8b20209,Pt,0,1,9.5,5,109.75,4.5,14,100,234
10.1021/acsami.8b20209,Pt,0,1,9.5,5,109.75,4.5,7.4,10,20
10.1021/acsami.8b20209,Pt,0,1,9.5,5,109.75,4.5,7.4,20,58
10.1021/acsami.8b20209,Pt,0,1,9.5,5,109.75,4.5,7.4,40,120
10.1021/acsami.8b20209,Pt,0,1,9.5,5,109.75,4.5,7.4,50,149
10.1021/acsami.8b20209,Pt,0,1,7.49,5,128.4,3.5,0.3,10,27
10.1021/acsami.8b20209,Pt,0,1,7.49,5,128.4,3.5,0.3,20,31
10.1021/acsami.8b20209,Pt,0,1,7.49,5,128.4,3.5,0.3,40,37.6
10.1021/acsami.8b20209,Pt,0,1,7.49,5,128.4,3.5,0.3,50,39.4
10.1021/acsami.8b20209,Pt,0,1,7.49,5,128.4,3.5,0.3,100,47.9
10.1021/acsami.8b20209,Pt,0,1,7.49,5,128.4,3.5,0.3,150,51.5
10.1021/acsami.8b20209,Pt,0,1,7.49,5,128.4,3.5,0.3,200,57
10.1021/acsami.8b20209,Pt,0,1,7.49,5,128.4,3.5,14,10,47
10.1021/acsami.8b20209,Pt,0,1,7.49,5,128.4,3.5,14,20,73
10.1021/acsami.8b20209,Pt,0,1,7.49,5,128.4,3.5,14,40,106
10.1021/acsami.8b20209,Pt,0,1,7.49,5,128.4,3.5,14,50,121
10.1021/acsami.8b20209,Pt,0,1,7.49,5,128.4,3.5,14,100,173
10.1021/acsami.8b20209,Pt,0,1,7.49,5,128.4,3.5,7.4,10,25
10.1021/acsami.8b20209,Pt,0,1,7.49,5,128.4,3.5,7.4,20,26
10.1021/acsami.8b20209,Pt,0,1,7.49,5,128.4,3.5,7.4,40,52
10.1021/acsami.8b20209,Pt,0,1,7.49,5,128.4,3.5,7.4,50,66
10.1021/acsami.8b20209,Pt,0,1,3.75,5,136.6,3.7,0.3,10,29
10.1021/acsami.8b20209,Pt,0,1,3.75,5,136.6,3.7,0.3,20,34.8
10.1021/acsami.8b20209,Pt,0,1,3.75,5,136.6,3.7,0.3,40,41.8
10.1021/acsami.8b20209,Pt,0,1,3.75,5,136.6,3.7,0.3,50,44.4
10.1021/acsami.8b20209,Pt,0,1,3.75,5,136.6,3.7,0.3,100,56.2
10.1021/acsami.8b20209,Pt,0,1,3.75,5,136.6,3.7,0.3,150,63.5
10.1021/acsami.8b20209,Pt,0,1,3.75,5,136.6,3.7,14,10,55
10.1021/acsami.8b20209,Pt,0,1,3.75,5,136.6,3.7,14,20,85.5
10.1021/acsami.8b20209,Pt,0,1,3.75,5,136.6,3.7,14,40,129.5
10.1021/acsami.8b20209,Pt,0,1,3.75,5,136.6,3.7,14,50,147
10.1021/acsami.8b20209,Pt,0,1,3.75,5,136.6,3.7,14,100,214
10.1021/acsami.8b20209,Pt,0,1,3.75,5,136.6,3.7,7.4,10,62
10.1021/acsami.8b20209,Pt,0,1,3.75,5,136.6,3.7,7.4,20,93.4
10.1021/acsami.8b20209,Pt,0,1,3.75,5,136.6,3.7,7.4,40,148
10.1021/acsami.8b20209,Pt,0,1,3.75,5,136.6,3.7,7.4,50,166
10.1021/acsami.8b20209,0,0,0,0,0,160.63,5,0.3,10,660
10.1021/acsami.8b20209,0,0,0,0,0,160.63,5,0.3,20,703
10.1021/acsami.8b20209,0,0,0,0,0,160.63,5,0.3,40,755
10.1021/acsami.8b20209,0,0,0,0,0,160.63,5,14,10,766
10.1021/acsami.8b20209,0,0,0,0,0,160.63,5,7.4,10,694
10.1021/acsami.8b00240,0,0,0,0,0,507,3.65,14,20,456
10.1021/acsami.8b00240,0,0,0,0,0,507,3.65,14,10,392
10.1021/acsami.6b03924,Pt,0,1,31.4,5,485,4.52,0.3,10,50
10.1021/acsami.6b03924,Pt,0,1,31.4,5,485,4.52,0.3,20,74
10.1021/acsami.6b03924,Pt,0,1,20.1,5,509,3.05,0.3,10,66
10.1021/acsami.6b03924,Pt,0,1,20.1,5,509,3.05,0.3,20,92
10.1021/acsami.6b03924,Pt,0,1,13.6,5,491,7.22,0.3,10,47
10.1021/acsami.6b03924,Pt,0,1,13.6,5,491,7.22,0.3,20,68.5
10.1021/acsami.6b03924,Pt,0,1,0.13,5,461,11.62,0.3,10,210
10.1021/acsami.6b03924,Pt,0,1,0.13,5,461,11.62,0.3,20,267
10.1021/acsami.6b03924,0,0,0,0,0,461,11.62,0.3,10,582
10.1021/acsami.6b03924,0,0,0,0,0,461,11.62,0.3,20,661
10.1021/acsami.6b03924,0,0,0,0,0,485,4.52,0.3,10,626
10.1021/acsami.6b03924,0,0,0,0,0,485,4.52,0.3,20,686
10.1021/acsami.6b03924,0,0,0,0,0,491,7.22,0.3,10,513
10.1021/acsami.6b03924,0,0,0,0,0,491,7.22,0.3,20,598
10.1021/acsami.6b03924,0,0,0,0,0,509,3.05,0.3,10,700
10.1021/acsami.6b03924,0,0,0,0,0,509,3.05,0.3,20,759
10.1021/acsami.1c06032,CoW,1,0,43.86,20,146.3,9.36,0.3,10,248.9
10.1021/acsami.1c06032,NiFeCoW,1,0,40.93,20,94.8,5.84,0.3,10,127.8
10.1021/acsami.1c06032,NiFeCoW,1,0,35.26,20,162.6,9.17,0.3,10,151.2
10.1021/acsami.1c06032,NiFe,1,0,24.18,20,227.2,10.15,0.3,10,272.9
10.1021/acsami.0c13836,NiFeO,0,0,10.74,10,204.2,0,14,100,269
10.1021/acsami.0c13836,NiFeO,0,0,10.74,10,204.2,0,14,80,246
10.1021/acsami.0c13836,NiFeO,0,0,10.74,10,204.2,0,14,60,218
10.1021/acsami.0c13836,NiFeO,0,0,10.74,10,204.2,0,14,50,205
10.1021/acsami.0c13836,NiFeO,0,0,10.74,10,204.2,0,14,40,188
10.1021/acsami.0c13836,NiFeO,0,0,10.74,10,204.2,0,14,20,152
10.1021/acsami.0c13836,NiFeO,0,0,10.74,10,204.2,0,14,10,128
10.1021/acs.jpcc.7b08283,PtMoO,0,1,3,0.35,28,0,0.3,10,69
10.1021/acs.jpcc.7b08283,PtMoO,0,1,3,0.35,28,0,0.3,20,95.7
10.1021/acs.jpcc.7b08283,PtMoO,0,1,3,0.35,28,0,0.3,40,139
10.1021/acs.jpcc.7b08283,PtMoO,0,1,3,0.35,28,0,0.3,50,157
10.1021/acs.jpcc.7b08283,PtMoO,0,1,1.5,0.35,28,0,0.3,10,66
10.1021/acs.jpcc.7b08283,PtMoO,0,1,1.5,0.35,28,0,0.3,20,90
10.1021/acs.jpcc.7b08283,PtMoO,0,1,1.5,0.35,28,0,0.3,40,129
10.1021/acs.jpcc.7b08283,PtMoO,0,1,1.5,0.35,28,0,0.3,50,146.9
10.1021/acs.jpcc.7b08283,PtMoO,0,1,0.5,0.35,28,0,0.3,10,60
10.1021/acs.jpcc.7b08283,PtMoO,0,1,0.5,0.35,28,0,0.3,20,84
10.1021/acs.jpcc.7b08283,PtMoO,0,1,0.5,0.35,28,0,0.3,40,125
10.1021/acs.jpcc.7b08283,PtMoO,0,1,0.5,0.35,28,0,0.3,50,143.5
10.1021/acs.jpcc.7b08283,PtMoO,0,1,0.1,0.35,28,0,0.3,10,61.3
10.1021/acs.jpcc.7b08283,PtMoO,0,1,0.1,0.35,28,0,0.3,20,87
10.1021/acs.jpcc.7b08283,PtMoO,0,1,0.1,0.35,28,0,0.3,40,130
10.1021/acs.jpcc.7b08283,PtMoO,0,1,0.1,0.35,28,0,0.3,50,149
10.1021/acs.jpcc.7b01447,Pt,0,1,1.5,3,1129.26,12.4,0.3,10,33.9
10.1021/acs.jpcc.7b01447,Pt,0,1,1.5,3,1129.26,12.4,0.3,60,50
10.1021/acs.jpcc.7b01447,Pt,0,1,0.95,3,1020.36,11.2,0.3,10,15.9
10.1021/acs.jpcc.7b01447,Pt,0,1,0.95,3,1020.36,11.2,0.3,60,85
10.1021/acs.jpcc.7b01447,Pt,0,1,0.8,3,587.3,9,0.3,10,16
10.1021/acs.jpcc.7b01447,Pt,0,1,0.8,3,587.3,9,0.3,60,94
10.1021/acs.jpcc.7b01447,Pt,0,1,0.6,3,248.52,8.5,0.3,10,26.4
10.1021/acs.jpcc.7b01447,Pt,0,1,0.6,3,248.52,8.5,0.3,60,123
10.1021/acs.jpcc.0c01043,PtFe,1,1,1.5,0.35,1247.81,4.8,0.3,10,188
10.1021/acs.jpcc.0c01043,PtFe,1,1,1.5,0.35,1247.81,4.8,0.3,20,262
10.1021/acs.jpcc.0c01043,PtFe,1,1,1.5,0.35,900.21,4.8,0.3,10,332
10.1021/acs.jpcc.0c01043,PtFe,1,1,1.5,0.35,900.21,4.8,0.3,20,452
10.1021/acs.jpcc.0c01043,PtFe,1,1,1.5,0.35,879.21,4.8,0.3,10,209
10.1021/acs.jpcc.0c01043,PtFe,1,1,1.5,0.35,879.21,4.8,0.3,20,315
10.1021/acs.jpcc.0c01043,PtFe,1,1,1.5,0.35,744.58,4.8,0.3,10,189
10.1021/acs.jpcc.0c01043,PtFe,1,1,1.5,0.35,744.58,4.8,0.3,20,230
10.1021/acs.jpcc.0c01043,PtFe,1,1,1.5,0.35,586.82,4.8,0.3,10,51
10.1021/acs.jpcc.0c01043,PtFe,1,1,1.5,0.35,586.82,4.8,0.3,20,93
10.1016/j.nanoen.2019.06.045,Pt,0,1,0.452,1,86.67,1.4,0.3,10,49.5
10.1016/j.nanoen.2019.06.045,Pt,0,1,0.452,1,86.67,1.4,0.3,20,61
10.1016/j.nanoen.2019.06.045,Pt,0,1,0.452,1,86.67,1.4,0.3,40,76
10.1016/j.nanoen.2019.06.045,Pt,0,1,0.452,1,86.67,1.4,0.3,50,81
10.1016/j.nanoen.2019.06.045,Pt,0,1,0.452,1,86.67,1.4,0.3,100,105
10.1016/j.nanoen.2019.06.045,Pt,0,1,0.323,0.35,86.51,0.68,0.3,10,43.9
10.1016/j.nanoen.2019.06.045,Pt,0,1,0.323,0.35,86.51,0.68,0.3,20,52
10.1016/j.nanoen.2019.06.045,Pt,0,1,0.323,0.35,86.51,0.68,0.3,40,64
10.1016/j.nanoen.2019.06.045,Pt,0,1,0.323,0.35,86.51,0.68,0.3,50,69.5
10.1016/j.nanoen.2019.06.045,Pt,0,1,0.323,0.35,86.51,0.68,0.3,100,90.5
10.1016/j.nanoen.2017.07.032,Pt,0,1,3.6,3.2,516,12.4,1,10,57
10.1016/j.nanoen.2017.07.032,Pt,0,1,3.6,3.2,516,12.4,1,20,103
10.1016/j.nanoen.2017.07.032,Pt,0,1,3.6,3.2,516,12.4,1,40,192
10.1016/j.nanoen.2017.07.032,Pt,0,1,3.6,3.2,516,12.4,1,50,236
10.1016/j.nanoen.2017.07.032,Pt,0,1,3.6,3.2,516,12.4,1,60,278
10.1016/j.jssc.2018.03.030,PtCo,1,1,24.83,7.5,29,0,13,10,370
10.1016/j.jssc.2018.03.030,PtCo,1,1,19.65,7.5,34.4,0,13,10,280
10.1016/j.jssc.2018.03.030,Pt,0,1,46,3.5,36,0,13,10,470
10.1016/j.jpowsour.2018.09.006,PtNi,1,1,10.11,6,347,4.3,14,100,220
10.1016/j.jpowsour.2018.09.006,PtNi,1,1,10.11,6,347,4.3,14,80,202
10.1016/j.jpowsour.2018.09.006,PtNi,1,1,10.11,6,347,4.3,14,60,177
10.1016/j.jpowsour.2018.09.006,PtNi,1,1,10.11,6,347,4.3,14,50,159
10.1016/j.jpowsour.2018.09.006,PtNi,1,1,10.11,6,347,4.3,14,40,139
10.1016/j.jpowsour.2018.09.006,PtNi,1,1,10.11,6,347,4.3,14,20,79
10.1016/j.jpowsour.2018.09.006,PtNi,1,1,10.11,6,347,4.3,14,10,42
10.1016/j.jelechem.2018.05.013,PtPd,1,1,6.95,2.5,2809.7,37.69,0.3,10,29
10.1016/j.jelechem.2018.05.013,PtPd,1,1,6.95,2.5,2809.7,37.69,0.3,20,38
10.1016/j.jelechem.2018.05.013,PtPd,1,1,6.95,2.5,2809.7,37.69,0.3,40,45
10.1016/j.jelechem.2018.05.013,PtPd,1,1,6.95,2.5,2809.7,37.69,0.3,50,48
10.1016/j.jelechem.2018.05.013,PtPd,1,1,6.95,2.5,2809.7,37.69,0.3,60,50.5
10.1016/j.jelechem.2018.05.013,PtPd,1,1,6.95,2.5,2809.7,37.69,14,10,46
10.1016/j.jelechem.2018.05.013,PtPd,1,1,6.95,2.5,2809.7,37.69,14,20,83
10.1016/j.jelechem.2018.05.013,PtPd,1,1,6.95,2.5,2809.7,37.69,14,40,120
10.1016/j.jelechem.2018.05.013,PtPd,1,1,6.95,2.5,2809.7,37.69,14,50,134
10.1016/j.jelechem.2018.05.013,Pt,0,1,10,3.5,254,0,0.3,10,41
10.1016/j.jelechem.2018.05.013,Pt,0,1,10,3.5,254,0,0.3,20,49
10.1016/j.jelechem.2018.05.013,Pt,0,1,10,3.5,254,0,0.3,40,57.6
10.1016/j.jelechem.2018.05.013,Pt,0,1,10,3.5,254,0,0.3,50,60.4
10.1016/j.jelechem.2018.05.013,Pt,0,1,10,3.5,254,0,0.3,60,64.7
10.1016/j.jelechem.2018.05.013,Pt,0,1,10,3.5,254,0,14,10,64
10.1016/j.jelechem.2018.05.013,Pt,0,1,10,3.5,254,0,14,20,161
10.1016/j.jelechem.2018.05.013,Pt,0,1,14,2.5,2809.7,37.69,0.3,10,58
10.1016/j.jelechem.2018.05.013,Pt,0,1,14,2.5,2809.7,37.69,0.3,20,69
10.1016/j.jelechem.2018.05.013,Pt,0,1,14,2.5,2809.7,37.69,0.3,40,83
10.1016/j.jelechem.2018.05.013,Pt,0,1,14,2.5,2809.7,37.69,0.3,50,90
10.1016/j.jelechem.2018.05.013,Pt,0,1,14,2.5,2809.7,37.69,0.3,60,96
10.1016/j.jelechem.2018.05.013,Pt,0,1,14,2.5,2809.7,37.69,14,10,50
10.1016/j.jelechem.2018.05.013,Pt,0,1,14,2.5,2809.7,37.69,14,20,93
10.1016/j.jelechem.2018.05.013,Pt,0,1,14,2.5,2809.7,37.69,14,40,166
10.1016/j.jelechem.2018.05.013,Pt,0,1,14,2.5,2809.7,37.69,14,50,192
10.1016/j.jechem.2021.04.065,PtSr,1,1,11.52,2.1,844.1,27,0.3,80,60
10.1016/j.jechem.2021.04.065,PtSr,1,1,11.52,2.1,844.1,27,0.3,60,52
10.1016/j.jechem.2021.04.065,PtSr,1,1,11.52,2.1,844.1,27,0.3,50,48
10.1016/j.jechem.2021.04.065,PtSr,1,1,11.52,2.1,844.1,27,0.3,40,45
10.1016/j.jechem.2021.04.065,PtSr,1,1,11.52,2.1,844.1,27,0.3,20,35.5
10.1016/j.jechem.2021.04.065,PtSr,1,1,11.52,2.1,844.1,27,0.3,10,27
10.1016/j.jechem.2021.04.065,Pt,0,1,9.58,2.1,839.24,27,0.3,80,108
10.1016/j.jechem.2021.04.065,Pt,0,1,9.58,2.1,839.24,27,0.3,60,90
10.1016/j.jechem.2021.04.065,Pt,0,1,9.58,2.1,839.24,27,0.3,50,80
10.1016/j.jechem.2021.04.065,Pt,0,1,9.58,2.1,839.24,27,0.3,40,71
10.1016/j.jechem.2021.04.065,Pt,0,1,9.58,2.1,839.24,27,0.3,20,50
10.1016/j.jechem.2021.04.065,Pt,0,1,9.58,2.1,839.24,27,0.3,10,38
10.1016/j.jcis.2022.01.001,CoNiRu,1,0,11.23,28,169.47,0,14,100,259
10.1016/j.jcis.2022.01.001,CoNiRu,1,0,11.23,28,169.47,0,14,80,234
10.1016/j.jcis.2022.01.001,CoNiRu,1,0,11.23,28,169.47,0,14,60,204
10.1016/j.jcis.2022.01.001,CoNiRu,1,0,11.23,28,169.47,0,14,50,186
10.1016/j.jcis.2022.01.001,CoNiRu,1,0,11.23,28,169.47,0,14,40,167
10.1016/j.jcis.2022.01.001,CoNiRu,1,0,11.23,28,169.47,0,14,20,120
10.1016/j.jcis.2022.01.001,CoNiRu,1,0,11.23,28,169.47,0,14,10,78
10.1016/j.jcis.2020.06.124,IrPdPb,1,0,100,5,4.3,0,14,100,148
10.1016/j.jcis.2020.06.124,IrPdPb,1,0,100,5,4.3,0,14,80,124
10.1016/j.jcis.2020.06.124,IrPdPb,1,0,100,5,4.3,0,14,60,96
10.1016/j.jcis.2020.06.124,IrPdPb,1,0,100,5,4.3,0,14,50,84
10.1016/j.jcis.2020.06.124,IrPdPb,1,0,100,5,4.3,0,14,40,72
10.1016/j.jcis.2020.06.124,IrPdPb,1,0,100,5,4.3,0,14,20,42
10.1016/j.jcis.2020.06.124,IrPdPb,1,0,100,5,4.3,0,14,10,21
10.1016/j.jcis.2020.02.063,NiPd,1,0,14,25,193.9,3.1,0.3,100,404
10.1016/j.jcis.2020.02.063,NiPd,1,0,14,25,193.9,3.1,0.3,80,360
10.1016/j.jcis.2020.02.063,NiPd,1,0,14,25,193.9,3.1,0.3,60,310
10.1016/j.jcis.2020.02.063,NiPd,1,0,14,25,193.9,3.1,0.3,50,279
10.1016/j.jcis.2020.02.063,NiPd,1,0,14,25,193.9,3.1,0.3,40,245
10.1016/j.jcis.2020.02.063,NiPd,1,0,14,25,193.9,3.1,0.3,20,152
10.1016/j.jcis.2020.02.063,NiPd,1,0,14,25,193.9,3.1,0.3,10,63
10.1016/j.jcis.2020.02.063,Ni,0,0,4.1,5,193.9,1.8,0.3,60,468
10.1016/j.jcis.2020.02.063,Ni,0,0,4.1,5,193.9,1.8,0.3,50,438
10.1016/j.jcis.2020.02.063,Ni,0,0,4.1,5,193.9,1.8,0.3,40,403
10.1016/j.jcis.2020.02.063,Ni,0,0,4.1,5,193.9,1.8,0.3,20,285
10.1016/j.jcis.2020.02.063,Ni,0,0,4.1,5,193.9,1.8,0.3,10,120
10.1016/j.jcis.2018.11.017,FeCo,1,0,18.14,30,343.3,1.22,14,60,409
10.1016/j.jcis.2018.11.017,FeCo,1,0,18.14,30,343.3,1.22,14,50,395
10.1016/j.jcis.2018.11.017,FeCo,1,0,18.14,30,343.3,1.22,14,40,377
10.1016/j.jcis.2018.11.017,FeCo,1,0,18.14,30,343.3,1.22,14,20,327
10.1016/j.jcis.2018.11.017,FeCo,1,0,18.14,30,343.3,1.22,14,10,277
10.1016/j.jcis.2018.11.017,FeCo,1,0,18.93,28,312.6,1.22,14,60,313
10.1016/j.jcis.2018.11.017,FeCo,1,0,18.93,28,312.6,1.22,14,50,301
10.1016/j.jcis.2018.11.017,FeCo,1,0,18.93,28,312.6,1.22,14,40,286
10.1016/j.jcis.2018.11.017,FeCo,1,0,18.93,28,312.6,1.22,14,20,243
10.1016/j.jcis.2018.11.017,FeCo,1,0,18.93,28,312.6,1.22,14,10,203
10.1016/j.jcis.2018.11.017,FeCo,1,0,19.15,20,320.1,1.22,14,60,338
10.1016/j.jcis.2018.11.017,FeCo,1,0,19.15,20,320.1,1.22,14,50,326
10.1016/j.jcis.2018.11.017,FeCo,1,0,19.15,20,320.1,1.22,14,40,313
10.1016/j.jcis.2018.11.017,FeCo,1,0,19.15,20,320.1,1.22,14,20,268
10.1016/j.jcis.2018.11.017,FeCo,1,0,19.15,20,320.1,1.22,14,10,232
10.1016/j.jcis.2018.11.017,Co,0,0,18.52,35,238.5,1.22,14,60,363
10.1016/j.jcis.2018.11.017,Co,0,0,18.52,35,238.5,1.22,14,50,350
10.1016/j.jcis.2018.11.017,Co,0,0,18.52,35,238.5,1.22,14,40,337
10.1016/j.jcis.2018.11.017,Co,0,0,18.52,35,238.5,1.22,14,20,296
10.1016/j.jcis.2018.11.017,Co,0,0,18.52,35,238.5,1.22,14,10,259
10.1016/j.jcis.2018.11.017,Fe,0,0,18.08,25,329.6,1.22,14,60,430
10.1016/j.jcis.2018.11.017,Fe,0,0,18.08,25,329.6,1.22,14,50,414
10.1016/j.jcis.2018.11.017,Fe,0,0,18.08,25,329.6,1.22,14,40,396
10.1016/j.jcis.2018.11.017,Fe,0,0,18.08,25,329.6,1.22,14,20,343
10.1016/j.jcis.2018.11.017,Fe,0,0,18.08,25,329.6,1.22,14,10,296
10.1016/j.jcis.2018.06.096,Pt,0,1,7.2,3.76,766,2.29,0.3,10,91
10.1016/j.jcis.2018.06.096,Pt,0,1,7.2,3.76,766,2.29,0.3,20,133
10.1016/j.jcis.2018.06.096,Pt,0,1,7.2,3.76,766,2.29,0.3,40,207
10.1016/j.jcis.2018.06.096,Pt,0,1,7.2,3.76,766,2.29,0.3,50,243
10.1016/j.jcis.2018.06.096,Pt,0,1,7.2,3.76,2871,3.53,0.3,10,8
10.1016/j.jcis.2018.06.096,Pt,0,1,7.2,3.76,2871,3.53,0.3,20,18.2
10.1016/j.jcis.2018.06.096,Pt,0,1,7.2,3.76,2871,3.53,0.3,40,36.5
10.1016/j.jcis.2018.06.096,Pt,0,1,7.2,3.76,2871,3.53,0.3,50,44.6
10.1016/j.jcis.2018.06.096,Pt,0,1,7.2,3.76,2871,3.53,0.3,60,50
10.1016/j.jcis.2018.06.096,Pt,0,1,7.2,3.76,2871,3.53,0.3,100,81
10.1016/j.jcis.2018.06.096,Pt,0,1,7.2,3.76,2871,3.53,14,10,41
10.1016/j.jcis.2018.06.096,Pt,0,1,7.2,3.76,2871,3.53,14,20,53.5
10.1016/j.jcis.2018.06.096,Pt,0,1,7.2,3.76,2871,3.53,14,40,70.3
10.1016/j.jcis.2018.06.096,Pt,0,1,7.2,3.76,2871,3.53,14,50,78.7
10.1016/j.jcis.2018.06.096,Pt,0,1,7.2,3.76,2871,3.53,7.4,10,65
10.1016/j.jcis.2018.06.096,Pt,0,1,7.2,3.76,2871,3.53,7.4,20,79.3
10.1016/j.jcis.2018.06.096,Pt,0,1,7.2,3.76,2871,3.53,7.4,40,102
10.1016/j.jcis.2018.06.096,Pt,0,1,7.2,3.76,2871,3.53,7.4,50,112
10.1016/j.jcat.2018.11.006,Pt,0,1,2.3,2.1,660,0,0.3,10,33.2
10.1016/j.jcat.2018.11.006,Pt,0,1,2.3,2.1,660,0,0.3,20,43.5
10.1016/j.jcat.2018.11.006,Pt,0,1,2.3,2.1,660,0,0.3,40,56.3
10.1016/j.jcat.2018.11.006,Pt,0,1,2.3,2.1,660,0,0.3,50,61.2
10.1016/j.jcat.2018.11.006,Pt,0,1,2.3,2.1,660,0,0.3,60,64.8
10.1016/j.jcat.2018.11.006,Pt,0,1,2.3,2.1,660,0,0.3,100,78
10.1016/j.jcat.2017.08.005,Pt,0,1,10,3.5,254,0,0.3,10,31.7
10.1016/j.jcat.2017.08.005,Pt,0,1,10,3.5,254,0,0.3,20,44.9
10.1016/j.jcat.2017.08.005,Pt,0,1,10,3.5,254,0,0.3,40,68.6
10.1016/j.jcat.2017.08.005,Pt,0,1,10,3.5,254,0,0.3,50,78.2
10.1016/j.jcat.2017.08.005,Pt,0,1,10,3.5,254,0,0.3,60,88.5
10.1016/j.jcat.2017.08.005,Pt,0,1,2.7,2.1,883,0,0.3,10,37.1
10.1016/j.jallcom.2020.153784,CoNi,1,0,91.4,20,83.5,0,14,200,305
10.1016/j.jallcom.2020.153784,CoNi,1,0,91.4,20,83.5,0,14,150,285
10.1016/j.jallcom.2020.153784,CoNi,1,0,91.4,20,83.5,0,14,100,259
10.1016/j.jallcom.2020.153784,CoNi,1,0,91.4,20,83.5,0,14,80,244
10.1016/j.jallcom.2020.153784,CoNi,1,0,91.4,20,83.5,0,14,60,224
10.1016/j.jallcom.2020.153784,CoNi,1,0,91.4,20,83.5,0,14,50,212
10.1016/j.jallcom.2020.153784,CoNi,1,0,91.4,20,83.5,0,14,40,196
10.1016/j.jallcom.2020.153784,CoNi,1,0,91.4,20,83.5,0,14,20,149
10.1016/j.jallcom.2020.153784,CoNi,1,0,91.4,20,83.5,0,14,10,104
10.1016/j.jallcom.2020.153784,Co,0,0,86.8,20,22.9,0,14,200,423
10.1016/j.jallcom.2020.153784,Co,0,0,86.8,20,22.9,0,14,150,414
10.1016/j.jallcom.2020.153784,Co,0,0,86.8,20,22.9,0,14,100,398
10.1016/j.jallcom.2020.153784,Co,0,0,86.8,20,22.9,0,14,80,387
10.1016/j.jallcom.2020.153784,Co,0,0,86.8,20,22.9,0,14,60,372
10.1016/j.jallcom.2020.153784,Co,0,0,86.8,20,22.9,0,14,50,361
10.1016/j.jallcom.2020.153784,Co,0,0,86.8,20,22.9,0,14,40,347
10.1016/j.jallcom.2020.153784,Co,0,0,86.8,20,22.9,0,14,20,292
10.1016/j.jallcom.2020.153784,Co,0,0,86.8,20,22.9,0,14,10,206
10.1016/j.jallcom.2020.153784,Ni,0,0,85,20,62.8,0,14,200,315
10.1016/j.jallcom.2020.153784,Ni,0,0,85,20,62.8,0,14,150,291
10.1016/j.jallcom.2020.153784,Ni,0,0,85,20,62.8,0,14,100,257
10.1016/j.jallcom.2020.153784,Ni,0,0,85,20,62.8,0,14,80,243
10.1016/j.jallcom.2020.153784,Ni,0,0,85,20,62.8,0,14,60,224
10.1016/j.jallcom.2020.153784,Ni,0,0,85,20,62.8,0,14,50,211
10.1016/j.jallcom.2020.153784,Ni,0,0,85,20,62.8,0,14,40,195
10.1016/j.jallcom.2020.153784,Ni,0,0,85,20,62.8,0,14,20,147
10.1016/j.jallcom.2020.153784,Ni,0,0,85,20,62.8,0,14,10,110
10.1016/j.jallcom.2019.03.330,CoNi,1,0,63.33,30,30.3,10.06,14,200,242
10.1016/j.jallcom.2019.03.330,CoNi,1,0,63.33,30,30.3,10.06,14,150,220
10.1016/j.jallcom.2019.03.330,CoNi,1,0,63.33,30,30.3,10.06,14,100,195
10.1016/j.jallcom.2019.03.330,CoNi,1,0,63.33,30,30.3,10.06,14,80,183
10.1016/j.jallcom.2019.03.330,CoNi,1,0,63.33,30,30.3,10.06,14,60,169
10.1016/j.jallcom.2019.03.330,CoNi,1,0,63.33,30,30.3,10.06,14,50,161
10.1016/j.jallcom.2019.03.330,CoNi,1,0,63.33,30,30.3,10.06,14,40,152
10.1016/j.jallcom.2019.03.330,CoNi,1,0,63.33,30,30.3,10.06,14,20,126
10.1016/j.jallcom.2019.03.330,CoNi,1,0,63.33,30,30.3,10.06,14,10,100
10.1016/j.ijhydene.2021.06.193,SnPtCo,1,1,10,15,79.01,0,14,100,231
10.1016/j.ijhydene.2021.06.193,SnPtCo,1,1,10,15,79.01,0,14,80,193
10.1016/j.ijhydene.2021.06.193,SnPtCo,1,1,10,15,79.01,0,14,60,150
10.1016/j.ijhydene.2021.06.193,SnPtCo,1,1,10,15,79.01,0,14,50,130
10.1016/j.ijhydene.2021.06.193,SnPtCo,1,1,10,15,79.01,0,14,40,108
10.1016/j.ijhydene.2021.06.193,SnPtCo,1,1,10,15,79.01,0,14,20,65
10.1016/j.ijhydene.2021.06.193,SnPtCo,1,1,10,15,79.01,0,14,10,39
10.1016/j.ijhydene.2021.06.193,SnCo,1,0,10,5,50.66,0,14,100,262
10.1016/j.ijhydene.2021.06.193,SnCo,1,0,10,5,50.66,0,14,80,225
10.1016/j.ijhydene.2021.06.193,SnCo,1,0,10,5,50.66,0,14,60,186
10.1016/j.ijhydene.2021.06.193,SnCo,1,0,10,5,50.66,0,14,50,165
10.1016/j.ijhydene.2021.06.193,SnCo,1,0,10,5,50.66,0,14,40,145
10.1016/j.ijhydene.2021.06.193,SnCo,1,0,10,5,50.66,0,14,20,100
10.1016/j.ijhydene.2021.06.193,SnCo,1,0,10,5,50.66,0,14,10,74
10.1016/j.ijhydene.2021.06.193,Co,0,0,10,4,47.4,0,14,100,308
10.1016/j.ijhydene.2021.06.193,Co,0,0,10,4,47.4,0,14,80,272
10.1016/j.ijhydene.2021.06.193,Co,0,0,10,4,47.4,0,14,60,230
10.1016/j.ijhydene.2021.06.193,Co,0,0,10,4,47.4,0,14,50,209
10.1016/j.ijhydene.2021.06.193,Co,0,0,10,4,47.4,0,14,40,188
10.1016/j.ijhydene.2021.06.193,Co,0,0,10,4,47.4,0,14,20,142
10.1016/j.ijhydene.2021.06.193,Co,0,0,10,4,47.4,0,14,10,114
10.1016/j.ijhydene.2019.10.036,Pt,0,1,5.8,4.3,27.2,0,0.3,10,39.5
10.1016/j.ijhydene.2019.10.036,Pt,0,1,5.8,4.3,27.2,0,0.3,20,49.3
10.1016/j.ijhydene.2019.10.036,Pt,0,1,5.8,4.3,27.2,0,0.3,40,64.5
10.1016/j.ijhydene.2019.10.036,Pt,0,1,5.8,4.3,27.2,0,0.3,50,70.4
10.1016/j.ijhydene.2019.10.036,Pt,0,1,5.8,4.3,27.2,0,0.3,60,76.3
10.1016/j.ijhydene.2019.10.036,Pt,0,1,5.8,4.3,27.2,0,0.3,100,96.9
10.1016/j.ijhydene.2019.10.036,Pt,0,1,5.7,4.3,57.8,6,0.3,10,22
10.1016/j.ijhydene.2019.10.036,Pt,0,1,5.7,4.3,57.8,6,0.3,20,25.4
10.1016/j.ijhydene.2019.10.036,Pt,0,1,5.7,4.3,57.8,6,0.3,40,31.3
10.1016/j.ijhydene.2019.10.036,Pt,0,1,5.7,4.3,57.8,6,0.3,50,33.8
10.1016/j.ijhydene.2019.10.036,Pt,0,1,5.7,4.3,57.8,6,0.3,60,36.3
10.1016/j.ijhydene.2019.10.036,Pt,0,1,5.7,4.3,57.8,6,0.3,100,45.2
10.1016/j.ijhydene.2017.11.048,AuNi,1,0,51.4,17.2,233.47,0,0.3,20,63
10.1016/j.ijhydene.2017.11.048,AuNi,1,0,51.4,17.2,233.47,0,0.3,10,50
10.1016/j.ijhydene.2017.11.048,AuNi,1,0,61.2,16,240.05,0,0.3,20,55
10.1016/j.ijhydene.2017.11.048,AuNi,1,0,61.2,16,240.05,0,0.3,10,40
10.1016/j.ijhydene.2017.11.048,AuNi,1,0,27.1,14.5,234.02,0,0.3,20,82
10.1016/j.ijhydene.2017.11.048,AuNi,1,0,27.1,14.5,234.02,0,0.3,10,70
10.1016/j.ijhydene.2017.11.048,Au,0,0,11.4,13,44.98,0,0.3,20,286
10.1016/j.ijhydene.2017.11.048,Au,0,0,11.4,13,44.98,0,0.3,10,220
10.1016/j.ijhydene.2017.11.048,Ni,0,0,7.1,6.6,268.29,0,0.3,20,189
10.1016/j.ijhydene.2017.11.048,Ni,0,0,7.1,6.6,268.29,0,0.3,10,158
10.1016/j.electacta.2021.138785,NiFe,1,0,12.5,15,373,8.1,14,40,361
10.1016/j.electacta.2021.138785,NiFe,1,0,12.5,15,373,8.1,14,100,314
10.1016/j.electacta.2021.138785,NiFe,1,0,12.5,15,373,8.1,14,80,301
10.1016/j.electacta.2021.138785,NiFe,1,0,12.5,15,373,8.1,14,60,283
10.1016/j.electacta.2021.138785,NiFe,1,0,12.5,15,373,8.1,14,50,273
10.1016/j.electacta.2021.138785,NiFe,1,0,12.5,15,373,8.1,14,20,228
10.1016/j.electacta.2021.138785,NiFe,1,0,12.5,15,373,8.1,14,10,198
10.1016/j.electacta.2020.135855,PtPd,1,1,4.24,2.75,1054.7,0.89,14,20,102
10.1016/j.electacta.2020.135855,PtPd,1,1,4.24,2.75,1054.7,0.89,14,10,67
10.1016/j.electacta.2019.134895,NiPt,1,1,27.91,20,110.1,15.94,0.3,50,101
10.1016/j.electacta.2019.134895,NiPt,1,1,27.91,20,110.1,15.94,0.3,40,95
10.1016/j.electacta.2019.134895,NiPt,1,1,27.91,20,110.1,15.94,0.3,20,76.32
10.1016/j.electacta.2019.134895,NiPt,1,1,27.91,20,110.1,15.94,13,50,67
10.1016/j.electacta.2019.134895,NiPt,1,1,27.91,20,110.1,15.94,0.3,10,63
10.1016/j.electacta.2019.134895,NiPt,1,1,27.91,20,110.1,15.94,13,40,52
10.1016/j.electacta.2019.134895,NiPt,1,1,27.91,20,110.1,15.94,13,20,33.8
10.1016/j.electacta.2019.134895,NiPt,1,1,27.91,20,110.1,15.94,13,10,27
10.1016/j.electacta.2019.134895,PtNi,1,1,27.91,19,110.1,13.4,13,10,26.7
10.1016/j.electacta.2019.134895,PtNi,1,1,27.91,19,110.1,13.4,13,20,34
10.1016/j.electacta.2019.134895,PtNi,1,1,27.91,19,110.1,13.4,13,40,53.5
10.1016/j.electacta.2019.134895,PtNi,1,1,27.91,19,110.1,13.4,13,50,67.3
10.1016/j.electacta.2019.134895,PtNi,1,1,27.91,19,110.1,13.4,0.3,10,65
10.1016/j.electacta.2019.134895,PtNi,1,1,27.91,19,110.1,13.4,0.3,20,76.9
10.1016/j.electacta.2019.134895,PtNi,1,1,27.91,19,110.1,13.4,0.3,40,93.3
10.1016/j.electacta.2019.134895,PtNi,1,1,27.91,19,110.1,13.4,0.3,50,102
10.1016/j.electacta.2019.134895,Ni,0,0,55.61,20,91.98,2.15,0.3,50,862
10.1016/j.electacta.2019.134895,Ni,0,0,55.61,20,91.98,2.15,0.3,40,812
10.1016/j.electacta.2019.134895,Ni,0,0,55.61,20,91.98,2.15,0.3,20,709.8
10.1016/j.electacta.2019.134895,Ni,0,0,55.61,20,91.98,2.15,0.3,10,589
10.1016/j.electacta.2019.134895,Ni,0,0,55.61,20,91.98,2.15,13,50,479
10.1016/j.electacta.2019.134895,Ni,0,0,55.61,20,91.98,2.15,13,40,422
10.1016/j.electacta.2019.134895,Ni,0,0,55.61,20,91.98,2.15,13,20,327
10.1016/j.electacta.2019.134895,Ni,0,0,55.61,20,91.98,2.15,13,10,260
10.1016/j.electacta.2019.06.116,Pt,0,1,1.26,4.2,604.94,0,14,10,42
10.1016/j.electacta.2019.06.116,Pt,0,1,1.26,4.2,604.94,0,14,20,61
10.1016/j.electacta.2019.06.116,Pt,0,1,1.26,4.2,604.94,0,14,40,86
10.1016/j.electacta.2019.06.116,Pt,0,1,1.26,4.2,604.94,0,14,50,97
10.1016/j.electacta.2019.06.116,Pt,0,1,1.26,4.2,604.94,0,14,60,105
10.1016/j.electacta.2019.06.116,Pt,0,1,1.26,4.2,604.94,0,14,100,137
10.1016/j.electacta.2019.06.116,Pt,0,1,2.17,4,604.94,0,14,10,65
10.1016/j.electacta.2019.06.116,Pt,0,1,2.17,4,604.94,0,14,20,95
10.1016/j.electacta.2019.06.116,Pt,0,1,2.17,4,604.94,0,14,40,137
10.1016/j.electacta.2019.06.116,Pt,0,1,2.17,4,604.94,0,14,50,156
10.1016/j.electacta.2019.06.116,Pt,0,1,2.17,4,604.94,0,14,60,170
10.1016/j.electacta.2019.06.116,Pt,0,1,2.17,4,604.94,0,14,100,217
10.1016/j.electacta.2019.03.179,IrCo,1,0,45.2,30,184.92,3.58,0.3,100,66
10.1016/j.electacta.2019.03.179,IrCo,1,0,45.2,30,184.92,3.58,0.3,80,49
10.1016/j.electacta.2019.03.179,IrCo,1,0,45.2,30,184.92,3.58,0.3,60,41
10.1016/j.electacta.2019.03.179,IrCo,1,0,45.2,30,184.92,3.58,0.3,50,36
10.1016/j.electacta.2019.03.179,IrCo,1,0,45.2,30,184.92,3.58,0.3,40,33
10.1016/j.electacta.2019.03.179,IrCo,1,0,45.2,30,184.92,3.58,0.3,20,27.5
10.1016/j.electacta.2019.03.179,IrCo,1,0,45.2,30,184.92,3.58,0.3,10,24
10.1016/j.cej.2021.131085,PtRu,1,1,27,1.9,161,32.34,13,50,124
10.1016/j.cej.2021.131085,PtRu,1,1,27,1.9,161,32.34,13,40,111
10.1016/j.cej.2021.131085,PtRu,1,1,27,1.9,161,32.34,0.3,20,82
10.1016/j.cej.2021.131085,PtRu,1,1,27,1.9,161,32.34,13,20,81
10.1016/j.cej.2021.131085,PtRu,1,1,27,1.9,161,32.34,13,10,61
10.1016/j.cej.2021.131085,PtRu,1,1,27,1.9,161,32.34,0.3,10,53
10.1016/j.cej.2021.130749,CuPt,1,1,4.42,5,1715,2.9,13,10,46
10.1016/j.cej.2021.130749,CuPt,1,1,3.5,5,1715,2.08,13,10,224
10.1016/j.cej.2021.130749,Pt,0,1,3.24,5,1715,1.23,13,10,80
10.1016/j.cej.2021.129319,RuNi,1,0,2.17,2.5,1.03,0,14,80,248
10.1016/j.cej.2021.129319,RuNi,1,0,2.17,2.5,1.03,0,14,60,212
10.1016/j.cej.2021.129319,RuNi,1,0,2.17,2.5,1.03,0,14,50,193
10.1016/j.cej.2021.129319,RuNi,1,0,2.17,2.5,1.03,0,0.3,80,175
10.1016/j.cej.2021.129319,RuNi,1,0,2.17,2.5,1.03,0,14,40,171
10.1016/j.cej.2021.129319,RuNi,1,0,2.17,2.5,1.03,0,0.3,60,144
10.1016/j.cej.2021.129319,RuNi,1,0,2.17,2.5,1.03,0,0.3,50,125
10.1016/j.cej.2021.129319,RuNi,1,0,2.17,2.5,1.03,0,14,20,123
10.1016/j.cej.2021.129319,RuNi,1,0,2.17,2.5,1.03,0,0.3,40,105
10.1016/j.cej.2021.129319,RuNi,1,0,2.17,2.5,1.03,0,14,10,93
10.1016/j.cej.2021.129319,RuNi,1,0,2.17,2.5,1.03,0,0.3,20,61
10.1016/j.cej.2021.129319,RuNi,1,0,2.17,2.5,1.03,0,0.3,10,34
10.1016/j.cej.2020.128205,PtEr,1,1,8.28,5,323,0,14,100,92.7
10.1016/j.cej.2020.128205,PtEr,1,1,8.28,5,323,0,14,10,16
10.1016/j.cej.2020.128205,PtEr,1,1,7.49,5,287,4.69,14,100,50
10.1016/j.cej.2020.128205,PtEr,1,1,7.49,5,287,4.69,14,10,7
10.1016/j.cej.2020.128047,CoRu,1,0,6.84,3.5,716.3,0,7.4,40,200
10.1016/j.cej.2020.128047,CoRu,1,0,6.84,3.5,716.3,0,0.3,100,170
10.1016/j.cej.2020.128047,CoRu,1,0,6.84,3.5,716.3,0,0.3,80,161
10.1016/j.cej.2020.128047,CoRu,1,0,6.84,3.5,716.3,0,7.4,20,150
10.1016/j.cej.2020.128047,CoRu,1,0,6.84,3.5,716.3,0,0.3,60,148
10.1016/j.cej.2020.128047,CoRu,1,0,6.84,3.5,716.3,0,0.3,50,141
10.1016/j.cej.2020.128047,CoRu,1,0,6.84,3.5,716.3,0,0.3,40,133
10.1016/j.cej.2020.128047,CoRu,1,0,6.84,3.5,716.3,0,14,100,128
10.1016/j.cej.2020.128047,CoRu,1,0,6.84,3.5,716.3,0,14,80,116
10.1016/j.cej.2020.128047,CoRu,1,0,6.84,3.5,716.3,0,0.3,20,108
10.1016/j.cej.2020.128047,CoRu,1,0,6.84,3.5,716.3,0,7.4,10,101
10.1016/j.cej.2020.128047,CoRu,1,0,6.84,3.5,716.3,0,14,60,100
10.1016/j.cej.2020.128047,CoRu,1,0,6.84,3.5,716.3,0,14,50,90
10.1016/j.cej.2020.128047,CoRu,1,0,6.84,3.5,716.3,0,0.3,10,85
10.1016/j.cej.2020.128047,CoRu,1,0,6.84,3.5,716.3,0,14,40,79
10.1016/j.cej.2020.128047,CoRu,1,0,6.84,3.5,716.3,0,14,20,48
10.1016/j.cej.2020.128047,CoRu,1,0,6.84,3.5,716.3,0,14,10,23
10.1016/j.cej.2020.128047,CoRu,1,0,4.43,3.5,716.3,0,0.3,100,116
10.1016/j.cej.2020.128047,CoRu,1,0,4.43,3.5,716.3,0,0.3,80,109
10.1016/j.cej.2020.128047,CoRu,1,0,4.43,3.5,716.3,0,14,100,101
10.1016/j.cej.2020.128047,CoRu,1,0,4.43,3.5,716.3,0,0.3,60,100
10.1016/j.cej.2020.128047,CoRu,1,0,4.43,3.5,716.3,0,0.3,50,94
10.1016/j.cej.2020.128047,CoRu,1,0,4.43,3.5,716.3,0,14,80,91
10.1016/j.cej.2020.128047,CoRu,1,0,4.43,3.5,716.3,0,0.3,40,87
10.1016/j.cej.2020.128047,CoRu,1,0,4.43,3.5,716.3,0,7.4,40,86
10.1016/j.cej.2020.128047,CoRu,1,0,4.43,3.5,716.3,0,14,60,76
10.1016/j.cej.2020.128047,CoRu,1,0,4.43,3.5,716.3,0,14,50,69
10.1016/j.cej.2020.128047,CoRu,1,0,4.43,3.5,716.3,0,0.3,20,67
10.1016/j.cej.2020.128047,CoRu,1,0,4.43,3.5,716.3,0,14,40,59
10.1016/j.cej.2020.128047,CoRu,1,0,4.43,3.5,716.3,0,7.4,20,57
10.1016/j.cej.2020.128047,CoRu,1,0,4.43,3.5,716.3,0,0.3,10,44
10.1016/j.cej.2020.128047,CoRu,1,0,4.43,3.5,716.3,0,7.4,10,39
10.1016/j.cej.2020.128047,CoRu,1,0,4.43,3.5,716.3,0,14,20,34
10.1016/j.cej.2020.128047,CoRu,1,0,4.43,3.5,716.3,0,14,10,14
10.1016/j.cej.2020.128047,CoRu,1,0,2.05,3.5,716.3,0,0.3,80,176
10.1016/j.cej.2020.128047,CoRu,1,0,2.05,3.5,716.3,0,7.4,60,174
10.1016/j.cej.2020.128047,CoRu,1,0,2.05,3.5,716.3,0,0.3,60,164
10.1016/j.cej.2020.128047,CoRu,1,0,2.05,3.5,716.3,0,7.4,50,162
10.1016/j.cej.2020.128047,CoRu,1,0,2.05,3.5,716.3,0,0.3,50,157
10.1016/j.cej.2020.128047,CoRu,1,0,2.05,3.5,716.3,0,14,100,152
10.1016/j.cej.2020.128047,CoRu,1,0,2.05,3.5,716.3,0,7.4,40,148
10.1016/j.cej.2020.128047,CoRu,1,0,2.05,3.5,716.3,0,0.3,40,148
10.1016/j.cej.2020.128047,CoRu,1,0,2.05,3.5,716.3,0,14,80,138
10.1016/j.cej.2020.128047,CoRu,1,0,2.05,3.5,716.3,0,14,60,124
10.1016/j.cej.2020.128047,CoRu,1,0,2.05,3.5,716.3,0,0.3,20,120
10.1016/j.cej.2020.128047,CoRu,1,0,2.05,3.5,716.3,0,14,50,114
10.1016/j.cej.2020.128047,CoRu,1,0,2.05,3.5,716.3,0,7.4,20,107
10.1016/j.cej.2020.128047,CoRu,1,0,2.05,3.5,716.3,0,14,40,104
10.1016/j.cej.2020.128047,CoRu,1,0,2.05,3.5,716.3,0,0.3,10,93
10.1016/j.cej.2020.128047,CoRu,1,0,2.05,3.5,716.3,0,14,20,71
10.1016/j.cej.2020.128047,CoRu,1,0,2.05,3.5,716.3,0,7.4,10,68
10.1016/j.cej.2020.128047,CoRu,1,0,2.05,3.5,716.3,0,14,10,43
10.1016/j.cej.2020.128047,Ru,0,0,1.01,3,647.6,0,7.4,20,185
10.1016/j.cej.2020.128047,Ru,0,0,1.01,3,647.6,0,0.3,100,141
10.1016/j.cej.2020.128047,Ru,0,0,1.01,3,647.6,0,0.3,80,133
10.1016/j.cej.2020.128047,Ru,0,0,1.01,3,647.6,0,7.4,10,129
10.1016/j.cej.2020.128047,Ru,0,0,1.01,3,647.6,0,14,100,125
10.1016/j.cej.2020.128047,Ru,0,0,1.01,3,647.6,0,0.3,60,122
10.1016/j.cej.2020.128047,Ru,0,0,1.01,3,647.6,0,0.3,50,115
10.1016/j.cej.2020.128047,Ru,0,0,1.01,3,647.6,0,14,80,111
10.1016/j.cej.2020.128047,Ru,0,0,1.01,3,647.6,0,0.3,40,107
10.1016/j.cej.2020.128047,Ru,0,0,1.01,3,647.6,0,14,60,95
10.1016/j.cej.2020.128047,Ru,0,0,1.01,3,647.6,0,14,50,86
10.1016/j.cej.2020.128047,Ru,0,0,1.01,3,647.6,0,0.3,20,85
10.1016/j.cej.2020.128047,Ru,0,0,1.01,3,647.6,0,14,40,74
10.1016/j.cej.2020.128047,Ru,0,0,1.01,3,647.6,0,0.3,10,65
10.1016/j.cej.2020.128047,Ru,0,0,1.01,3,647.6,0,14,20,45
10.1016/j.cej.2020.128047,Ru,0,0,1.01,3,647.6,0,14,10,22
10.1016/j.cattod.2019.04.043,CuPd,1,0,7.5,5.2,490,0,0.3,10,145
10.1016/j.cattod.2019.04.043,Pd,0,0,5.6,5.2,490,0,0.3,10,63
10.1016/j.carbon.2020.08.047,NiCo,1,0,4.19,12.5,124.09,1.6,14,60,735
10.1016/j.carbon.2020.08.047,NiCo,1,0,4.19,12.5,124.09,1.6,14,50,671
10.1016/j.carbon.2020.08.047,NiCo,1,0,4.19,12.5,124.09,1.6,14,40,598
10.1016/j.carbon.2020.08.047,NiCo,1,0,4.19,12.5,124.09,1.6,14,20,445
10.1016/j.carbon.2020.08.047,NiCo,1,0,4.19,12.5,124.09,1.6,14,10,355
10.1016/j.carbon.2020.08.047,NiCoS,0,0,12.03,12.5,232.2,4.39,14,60,406
10.1016/j.carbon.2020.08.047,NiCoS,0,0,12.03,12.5,232.2,4.39,14,50,372
10.1016/j.carbon.2020.08.047,NiCoS,0,0,12.03,12.5,232.2,4.39,14,40,338
10.1016/j.carbon.2020.08.047,NiCoS,0,0,12.03,12.5,232.2,4.39,14,20,262
10.1016/j.carbon.2020.08.047,NiCoS,0,0,12.03,12.5,232.2,4.39,14,10,198
10.1016/j.carbon.2017.01.085,NiFe,1,0,48.02,40,97.4,5.62,0.3,20,295
10.1016/j.carbon.2017.01.085,NiFe,1,0,48.02,40,97.4,5.62,0.3,10,248
10.1016/j.carbon.2016.12.004,PtPd,1,1,17.66,10,388.9,8.7,0.3,20,167
10.1016/j.carbon.2016.12.004,PtPd,1,1,16.63,10,388.9,10.7,0.3,20,75
10.1016/j.carbon.2016.12.004,PtPd,1,1,16.63,10,388.9,10.7,0.3,10,58
10.1016/j.carbon.2016.12.004,PtPd,1,1,12.15,10,388.9,9.7,0.3,20,89
10.1016/j.carbon.2016.12.004,PtPd,1,1,12.15,10,388.9,9.7,0.3,10,74
10.1016/j.carbon.2016.12.004,PtPd,1,1,11.54,10,388.9,10.8,0.3,20,116
10.1016/j.carbon.2016.12.004,PtPd,1,1,11.54,10,388.9,10.8,0.3,10,85
10.1016/j.apsusc.2020.147786,CoNi,1,0,9.92,10,170.41,7.86,13,50,230
10.1016/j.apsusc.2020.147786,CoNi,1,0,9.92,10,170.41,7.86,13,40,210
10.1016/j.apsusc.2020.147786,CoNi,1,0,9.92,10,170.41,7.86,13,20,169
10.1016/j.apsusc.2020.147786,CoNi,1,0,9.92,10,170.41,7.86,13,10,130
10.1016/j.apsusc.2020.147786,CoNi,1,0,7.16,10,148.29,8.62,13,50,364
10.1016/j.apsusc.2020.147786,CoNi,1,0,7.16,10,148.29,8.62,13,40,360
10.1016/j.apsusc.2020.147786,CoNi,1,0,7.16,10,148.29,8.62,13,20,340
10.1016/j.apsusc.2020.147786,CoNi,1,0,7.16,10,148.29,8.62,13,10,313
10.1016/j.apsusc.2020.147786,CoNi,1,0,4.79,10,158.09,6.97,13,20,440
10.1016/j.apsusc.2020.147786,CoNi,1,0,4.79,10,158.09,6.97,13,10,394
10.1016/j.apcatb.2021.120512,CoFe,1,0,31.48,29.6,8.7,4.34,14.5,100,391
10.1016/j.apcatb.2021.120512,CoFe,1,0,31.48,29.6,8.7,4.34,14.5,80,358
10.1016/j.apcatb.2021.120512,CoFe,1,0,31.48,29.6,8.7,4.34,14.5,60,323
10.1016/j.apcatb.2021.120512,CoFe,1,0,31.48,29.6,8.7,4.34,14.5,50,303
10.1016/j.apcatb.2021.120512,CoFe,1,0,31.48,29.6,8.7,4.34,14.5,40,283
10.1016/j.apcatb.2021.120512,CoFe,1,0,31.48,29.6,8.7,4.34,14.5,20,230
10.1016/j.apcatb.2021.120512,CoFe,1,0,31.48,29.6,8.7,4.34,14.5,10,186
10.1016/j.apcatb.2021.120512,CoFe,1,0,25.15,23.3,2.8,9.88,14.3,100,341
10.1016/j.apcatb.2021.120512,CoFe,1,0,25.15,23.3,2.8,9.88,14.3,80,307
10.1016/j.apcatb.2021.120512,CoFe,1,0,25.15,23.3,2.8,9.88,14.3,60,269
10.1016/j.apcatb.2021.120512,CoFe,1,0,25.15,23.3,2.8,9.88,14.3,50,248
10.1016/j.apcatb.2021.120512,CoFe,1,0,25.15,23.3,2.8,9.88,14.3,40,225
10.1016/j.apcatb.2021.120512,CoFe,1,0,25.15,23.3,2.8,9.88,14.3,20,166
10.1016/j.apcatb.2021.120512,CoFe,1,0,25.15,23.3,2.8,9.88,14.3,10,120
10.1016/j.apcatb.2021.120512,CoFe,1,0,23.58,13.8,8.8,10.93,14,100,358
10.1016/j.apcatb.2021.120512,CoFe,1,0,23.58,13.8,8.8,10.93,14,80,325
10.1016/j.apcatb.2021.120512,CoFe,1,0,23.58,13.8,8.8,10.93,14,60,292
10.1016/j.apcatb.2021.120512,CoFe,1,0,23.58,13.8,8.8,10.93,14,50,271
10.1016/j.apcatb.2021.120512,CoFe,1,0,23.58,13.8,8.8,10.93,14,40,249
10.1016/j.apcatb.2021.120512,CoFe,1,0,23.58,13.8,8.8,10.93,14,20,193
10.1016/j.apcatb.2021.120512,CoFe,1,0,23.58,13.8,8.8,10.93,14,10,147
10.1016/j.apcatb.2018.11.083,NiCoP,0,0,63.27,4.8,37.4,1.63,7.4,60,632
10.1016/j.apcatb.2018.11.083,NiCoP,0,0,63.27,4.8,37.4,1.63,7.4,50,586
10.1016/j.apcatb.2018.11.083,NiCoP,0,0,63.27,4.8,37.4,1.63,7.4,40,535
10.1016/j.apcatb.2018.11.083,NiCoP,0,0,63.27,4.8,37.4,1.63,0.3,60,405
10.1016/j.apcatb.2018.11.083,NiCoP,0,0,63.27,4.8,37.4,1.63,7.4,20,405
10.1016/j.apcatb.2018.11.083,NiCoP,0,0,63.27,4.8,37.4,1.63,0.3,50,385
10.1016/j.apcatb.2018.11.083,NiCoP,0,0,63.27,4.8,37.4,1.63,0.3,40,365
10.1016/j.apcatb.2018.11.083,NiCoP,0,0,63.27,4.8,37.4,1.63,14,20,330
10.1016/j.apcatb.2018.11.083,NiCoP,0,0,63.27,4.8,37.4,1.63,7.4,10,326
10.1016/j.apcatb.2018.11.083,NiCoP,0,0,63.27,4.8,37.4,1.63,0.3,20,319
10.1016/j.apcatb.2018.11.083,NiCoP,0,0,63.27,4.8,37.4,1.63,14,10,289
10.1016/j.apcatb.2018.11.083,NiCoP,0,0,63.27,4.8,37.4,1.63,0.3,10,284
10.1016/j.apcatb.2018.11.083,NiCoP,0,0,62.09,4.8,43.3,0.87,7.4,60,545
10.1016/j.apcatb.2018.11.083,NiCoP,0,0,62.09,4.8,43.3,0.87,7.4,50,502
10.1016/j.apcatb.2018.11.083,NiCoP,0,0,62.09,4.8,43.3,0.87,7.4,40,453
10.1016/j.apcatb.2018.11.083,NiCoP,0,0,62.09,4.8,43.3,0.87,14,60,358
10.1016/j.apcatb.2018.11.083,NiCoP,0,0,62.09,4.8,43.3,0.87,0.3,60,354
10.1016/j.apcatb.2018.11.083,NiCoP,0,0,62.09,4.8,43.3,0.87,14,50,337
10.1016/j.apcatb.2018.11.083,NiCoP,0,0,62.09,4.8,43.3,0.87,0.3,50,327
10.1016/j.apcatb.2018.11.083,NiCoP,0,0,62.09,4.8,43.3,0.87,7.4,20,327
10.1016/j.apcatb.2018.11.083,NiCoP,0,0,62.09,4.8,43.3,0.87,14,40,312
10.1016/j.apcatb.2018.11.083,NiCoP,0,0,62.09,4.8,43.3,0.87,0.3,40,302
10.1016/j.apcatb.2018.11.083,NiCoP,0,0,62.09,4.8,43.3,0.87,14,20,255
10.1016/j.apcatb.2018.11.083,NiCoP,0,0,62.09,4.8,43.3,0.87,7.4,10,241
10.1016/j.apcatb.2018.11.083,NiCoP,0,0,62.09,4.8,43.3,0.87,0.3,20,239
10.1016/j.apcatb.2018.11.083,NiCoP,0,0,62.09,4.8,43.3,0.87,14,10,206
10.1016/j.apcatb.2018.11.083,NiCoP,0,0,62.09,4.8,43.3,0.87,0.3,10,200
10.1016/j.apcatb.2018.11.083,NiCoP,0,0,61.52,4.8,47.2,2.53,7.4,60,418
10.1016/j.apcatb.2018.11.083,NiCoP,0,0,61.52,4.8,47.2,2.53,7.4,50,374
10.1016/j.apcatb.2018.11.083,NiCoP,0,0,61.52,4.8,47.2,2.53,7.4,40,328
10.1016/j.apcatb.2018.11.083,NiCoP,0,0,61.52,4.8,47.2,2.53,14,60,276
10.1016/j.apcatb.2018.11.083,NiCoP,0,0,61.52,4.8,47.2,2.53,0.3,60,267
10.1016/j.apcatb.2018.11.083,NiCoP,0,0,61.52,4.8,47.2,2.53,14,50,264
10.1016/j.apcatb.2018.11.083,NiCoP,0,0,61.52,4.8,47.2,2.53,14,40,253
10.1016/j.apcatb.2018.11.083,NiCoP,0,0,61.52,4.8,47.2,2.53,0.3,50,251
10.1016/j.apcatb.2018.11.083,NiCoP,0,0,61.52,4.8,47.2,2.53,0.3,40,234
10.1016/j.apcatb.2018.11.083,NiCoP,0,0,61.52,4.8,47.2,2.53,7.4,20,228
10.1016/j.apcatb.2018.11.083,NiCoP,0,0,61.52,4.8,47.2,2.53,14,20,220
10.1016/j.apcatb.2018.11.083,NiCoP,0,0,61.52,4.8,47.2,2.53,0.3,20,192
10.1016/j.apcatb.2018.11.083,NiCoP,0,0,61.52,4.8,47.2,2.53,14,10,190
10.1016/j.apcatb.2018.11.083,NiCoP,0,0,61.52,4.8,47.2,2.53,0.3,10,165
10.1016/j.apcatb.2018.11.083,NiCoP,0,0,61.52,4.8,47.2,2.53,7.4,10,163
10.1016/j.apcatb.2018.11.083,NiCoP,0,0,60.2,4.8,78.9,1.89,7.4,60,261
10.1016/j.apcatb.2018.11.083,NiCoP,0,0,60.2,4.8,78.9,1.89,7.4,50,234
10.1016/j.apcatb.2018.11.083,NiCoP,0,0,60.2,4.8,78.9,1.89,7.4,40,210
10.1016/j.apcatb.2018.11.083,NiCoP,0,0,60.2,4.8,78.9,1.89,14,60,197
10.1016/j.apcatb.2018.11.083,NiCoP,0,0,60.2,4.8,78.9,1.89,14,50,192
10.1016/j.apcatb.2018.11.083,NiCoP,0,0,60.2,4.8,78.9,1.89,14,40,186
10.1016/j.apcatb.2018.11.083,NiCoP,0,0,60.2,4.8,78.9,1.89,14,20,163
10.1016/j.apcatb.2018.11.083,NiCoP,0,0,60.2,4.8,78.9,1.89,7.4,20,150
10.1016/j.apcatb.2018.11.083,NiCoP,0,0,60.2,4.8,78.9,1.89,0.3,60,147
10.1016/j.apcatb.2018.11.083,NiCoP,0,0,60.2,4.8,78.9,1.89,0.3,50,141
10.1016/j.apcatb.2018.11.083,NiCoP,0,0,60.2,4.8,78.9,1.89,0.3,40,135
10.1016/j.apcatb.2018.11.083,NiCoP,0,0,60.2,4.8,78.9,1.89,14,10,130
10.1016/j.apcatb.2018.11.083,NiCoP,0,0,60.2,4.8,78.9,1.89,0.3,20,117
10.1016/j.apcatb.2018.11.083,NiCoP,0,0,60.2,4.8,78.9,1.89,7.4,10,110
10.1016/j.apcatb.2018.11.083,NiCoP,0,0,60.2,4.8,78.9,1.89,0.3,10,100
10.1007/s40843-021-1902-2,FeCoP,0,0,19.99,30,541.2,17.36,13,200,319
10.1007/s40843-021-1902-2,FeCoP,0,0,19.99,30,541.2,17.36,13,150,294
10.1007/s40843-021-1902-2,FeCoP,0,0,19.99,30,541.2,17.36,13,100,265
10.1007/s40843-021-1902-2,FeCoP,0,0,19.99,30,541.2,17.36,13,80,249
10.1007/s40843-021-1902-2,FeCoP,0,0,19.99,30,541.2,17.36,13,60,232
10.1007/s40843-021-1902-2,FeCoP,0,0,19.99,30,541.2,17.36,13,50,222
10.1007/s40843-021-1902-2,FeCoP,0,0,19.99,30,541.2,17.36,13,40,214
10.1007/s40843-021-1902-2,FeCoP,0,0,19.99,30,541.2,17.36,13,20,183
10.1007/s40843-021-1902-2,FeCoP,0,0,19.99,30,541.2,17.36,13,10,157
10.1007/s40843-021-1732-1,RuCoMn,1,0,37,10,110.3494,2.24,7.4,100,518
10.1007/s40843-021-1732-1,RuCoMn,1,0,37,10,110.3494,2.24,7.4,80,458
10.1007/s40843-021-1732-1,RuCoMn,1,0,37,10,110.3494,2.24,7.4,60,377
10.1007/s40843-021-1732-1,RuCoMn,1,0,37,10,110.3494,2.24,0.3,250,357
10.1007/s40843-021-1732-1,RuCoMn,1,0,37,10,110.3494,2.24,0.3,200,325
10.1007/s40843-021-1732-1,RuCoMn,1,0,37,10,110.3494,2.24,7.4,50,322
10.1007/s40843-021-1732-1,RuCoMn,1,0,37,10,110.3494,2.24,0.3,150,294
10.1007/s40843-021-1732-1,RuCoMn,1,0,37,10,110.3494,2.24,14,250,290
10.1007/s40843-021-1732-1,RuCoMn,1,0,37,10,110.3494,2.24,7.4,40,263
10.1007/s40843-021-1732-1,RuCoMn,1,0,37,10,110.3494,2.24,14,200,254
10.1007/s40843-021-1732-1,RuCoMn,1,0,37,10,110.3494,2.24,0.3,100,252
10.1007/s40843-021-1732-1,RuCoMn,1,0,37,10,110.3494,2.24,0.3,80,234
10.1007/s40843-021-1732-1,RuCoMn,1,0,37,10,110.3494,2.24,14,150,214
10.1007/s40843-021-1732-1,RuCoMn,1,0,37,10,110.3494,2.24,0.3,60,212
10.1007/s40843-021-1732-1,RuCoMn,1,0,37,10,110.3494,2.24,0.3,50,200
10.1007/s40843-021-1732-1,RuCoMn,1,0,37,10,110.3494,2.24,0.3,40,185
10.1007/s40843-021-1732-1,RuCoMn,1,0,37,10,110.3494,2.24,14,100,168
10.1007/s40843-021-1732-1,RuCoMn,1,0,37,10,110.3494,2.24,7.4,20,150
10.1007/s40843-021-1732-1,RuCoMn,1,0,37,10,110.3494,2.24,0.3,20,149
10.1007/s40843-021-1732-1,RuCoMn,1,0,37,10,110.3494,2.24,14,80,147
10.1007/s40843-021-1732-1,RuCoMn,1,0,37,10,110.3494,2.24,14,60,123
10.1007/s40843-021-1732-1,RuCoMn,1,0,37,10,110.3494,2.24,0.3,10,119
10.1007/s40843-021-1732-1,RuCoMn,1,0,37,10,110.3494,2.24,14,50,112
10.1007/s40843-021-1732-1,RuCoMn,1,0,37,10,110.3494,2.24,14,40,96
10.1007/s40843-021-1732-1,RuCoMn,1,0,37,10,110.3494,2.24,7.4,10,90
10.1007/s40843-021-1732-1,RuCoMn,1,0,37,10,110.3494,2.24,14,20,60
10.1007/s40843-021-1732-1,RuCoMn,1,0,37,10,110.3494,2.24,14,10,38
10.1007/s40843-021-1732-1,RuCo,1,0,27.9,10,87.86,1.66,7.4,40,693
10.1007/s40843-021-1732-1,RuCo,1,0,27.9,10,87.86,1.66,7.4,20,458
10.1007/s40843-021-1732-1,RuCo,1,0,27.9,10,87.86,1.66,0.3,250,362
10.1007/s40843-021-1732-1,RuCo,1,0,27.9,10,87.86,1.66,14,250,338
10.1007/s40843-021-1732-1,RuCo,1,0,27.9,10,87.86,1.66,0.3,200,338
10.1007/s40843-021-1732-1,RuCo,1,0,27.9,10,87.86,1.66,0.3,150,311
10.1007/s40843-021-1732-1,RuCo,1,0,27.9,10,87.86,1.66,14,200,305
10.1007/s40843-021-1732-1,RuCo,1,0,27.9,10,87.86,1.66,0.3,100,278
10.1007/s40843-021-1732-1,RuCo,1,0,27.9,10,87.86,1.66,14,150,268
10.1007/s40843-021-1732-1,RuCo,1,0,27.9,10,87.86,1.66,0.3,80,263
10.1007/s40843-021-1732-1,RuCo,1,0,27.9,10,87.86,1.66,7.4,10,254
10.1007/s40843-021-1732-1,RuCo,1,0,27.9,10,87.86,1.66,0.3,60,245
10.1007/s40843-021-1732-1,RuCo,1,0,27.9,10,87.86,1.66,0.3,50,231
10.1007/s40843-021-1732-1,RuCo,1,0,27.9,10,87.86,1.66,14,100,223
10.1007/s40843-021-1732-1,RuCo,1,0,27.9,10,87.86,1.66,0.3,40,220
10.1007/s40843-021-1732-1,RuCo,1,0,27.9,10,87.86,1.66,14,80,201
10.1007/s40843-021-1732-1,RuCo,1,0,27.9,10,87.86,1.66,0.3,20,181
10.1007/s40843-021-1732-1,RuCo,1,0,27.9,10,87.86,1.66,14,60,177
10.1007/s40843-021-1732-1,RuCo,1,0,27.9,10,87.86,1.66,14,50,160
10.1007/s40843-021-1732-1,RuCo,1,0,27.9,10,87.86,1.66,0.3,10,150
10.1007/s40843-021-1732-1,RuCo,1,0,27.9,10,87.86,1.66,14,40,147
10.1007/s40843-021-1732-1,RuCo,1,0,27.9,10,87.86,1.66,14,20,103
10.1007/s40843-021-1732-1,RuCo,1,0,27.9,10,87.86,1.66,14,10,67
10.1002/smll.201903395,CoCu,1,0,6.13,11.35,400.29,2.72,14,50,450
10.1002/smll.201903395,CoCu,1,0,6.13,11.35,400.29,2.72,14,10,270
10.1002/smll.201903395,CoFe,1,0,5.92,10.95,353.69,2.05,14,50,420
10.1002/smll.201903395,CoFe,1,0,5.92,10.95,353.69,2.05,14,10,250
10.1002/smll.201903395,CoNi,1,0,4.28,10.57,365.16,1.5,14,100,410
10.1002/smll.201903395,CoNi,1,0,4.28,10.57,365.16,1.5,14,50,340
10.1002/smll.201903395,CoNi,1,0,4.28,10.57,365.16,1.5,14,10,240
10.1002/smll.201903395,CoMn,1,0,2.9,10.27,325.61,1.15,14,50,540
10.1002/smll.201903395,CoMn,1,0,2.9,10.27,325.61,1.15,14,10,330
10.1002/smll.201903395,Co,0,0,3.11,11.4,289.13,1.95,14,50,410
10.1002/smll.201903395,Co,0,0,3.11,11.4,289.13,1.95,14,10,300
10.1002/chem.201900320,Pt,0,1,0.07,3,118.14,0,0.3,10,34.8
10.1002/chem.201900320,Pt,0,1,0.07,3,118.14,0,0.3,20,47.2
10.1002/cctc.201901601,NiPt,1,1,6.69,19.3,302,3.4,14,60,513
10.1002/cctc.201901601,FeCo,1,0,7.31,34.2,292,3.4,14,60,450
10.1002/cctc.201901601,FeCo,1,0,7.31,34.2,292,3.4,14,50,441
10.1002/cctc.201901601,FeCo,1,0,7.31,34.2,292,3.4,14,40,434
10.1002/cctc.201901601,FeCo,1,0,7.31,34.2,292,3.4,14,20,408
10.1002/cctc.201901601,FeCo,1,0,7.31,34.2,292,3.4,14,10,380
10.1002/cctc.201901601,FeCo,1,0,6.69,19.3,302,3.4,14,50,499
10.1002/cctc.201901601,FeCo,1,0,6.69,19.3,302,3.4,14,40,482
10.1002/cctc.201901601,FeCo,1,0,6.69,19.3,302,3.4,14,20,439
10.1002/cctc.201901601,FeCo,1,0,6.69,19.3,302,3.4,14,10,398
10.1002/cctc.201901601,FeCo,1,0,8.74,18,356,3.4,14,60,553
10.1002/cctc.201901601,FeCo,1,0,8.74,18,356,3.4,14,50,545
10.1002/cctc.201901601,FeCo,1,0,8.74,18,356,3.4,14,40,534
10.1002/cctc.201901601,FeCo,1,0,8.74,18,356,3.4,14,20,497
10.1002/cctc.201901601,FeCo,1,0,8.74,18,356,3.4,14,10,458
10.1002/cctc.201901601,FeCo,1,0,9.87,15.6,358,3.4,14,60,519
10.1002/cctc.201901601,FeCo,1,0,9.87,15.6,358,3.4,14,50,510
10.1002/cctc.201901601,FeCo,1,0,9.87,15.6,358,3.4,14,40,499
10.1002/cctc.201901601,FeCo,1,0,9.87,15.6,358,3.4,14,20,463
10.1002/cctc.201901601,FeCo,1,0,9.87,15.6,358,3.4,14,10,425
10.1002/anie.202013047,NiMo,1,0,100,10,52.8,0,13,10,56
10.1002/anie.202013047,NiMo,1,0,100,10,52.8,0,14,10,42
10.1002/adfm.202001756,Pt,0,1,10.2,2,402,0,0.3,50,50
10.1002/adfm.202001756,Pt,0,1,10.2,2,402,0,0.3,40,45.2
10.1002/adfm.202001756,Pt,0,1,10.2,2,402,0,0.3,20,34.6
10.1002/adfm.202001756,Pt,0,1,10.2,2,402,0,0.3,10,28.27
